salary,age,sector,job_group,gender,region,education_level_2,is_married,num_of_child,foreign_language,is_government,is_dang_prod,len_of_work_week,is_more_than_school,education_level,firm_size,log_salary
6000.0,54,ЗДРАВООХРАНЕНИЕ,Неквалифицированные рабочие всех отраслей,ЖЕНСКИЙ,1.0,законченное среднее образование,Вдовец/вдова,0,Нет,Да,Нет,40.0,Да,Среднее общее,Микро,8.699514748210191
5700.0,29,ОБРАЗОВАНИЕ,Специалисты высшего уровня квалификации,ЖЕНСКИЙ,1.0,законченное высшее образование и выше,Не в браке,0,Да,Да,Нет,48.0,Да,Высшее,Малое,8.648221453822641
12000.0,54,ЗДРАВООХРАНЕНИЕ,Специалисты среднего уровня квалификации; чиновники,ЖЕНСКИЙ,1.0,законченное среднее специальное образование,Вдовец/вдова,0,Нет,Да,Да,40.0,Да,Профессиональное,Крупное,9.392661928770137
8000.0,28,ОБРАЗОВАНИЕ,Законодатели; крупные чиновники; руководители высш. и сред. звена,ЖЕНСКИЙ,1.0,законченное высшее образование и выше,Не в браке,0,Нет,Да,Нет,40.0,Да,Высшее,Крупное,8.987196820661973
7000.0,52,"ТОРГОВЛЯ, БЫТОВОЕ ОБСЛУЖИВАНИЕ",Работники сферы торговли и услуг,ЖЕНСКИЙ,1.0,законченное среднее специальное образование,Вдовец/вдова,1,Нет,Нет,Нет,98.0,Да,Профессиональное,Микро,8.85366542803745
6000.0,44,ЗДРАВООХРАНЕНИЕ,Специалисты высшего уровня квалификации,МУЖСКОЙ,1.0,законченное среднее специальное образование,Состоят в браке,1,Нет,Нет,Нет,10.0,Да,Профессиональное,Микро,8.699514748210191
7000.0,42,ГРАЖДАНСКОЕ МАШИНОСТРОЕНИЕ,Специалисты высшего уровня квалификации,ЖЕНСКИЙ,1.0,законченное среднее специальное образование,Состоят в браке,1,Нет,Да,Нет,40.0,Да,Среднее общее,Микро,8.85366542803745
17000.0,54,СТРОИТЕЛЬСТВО,"Квалифицированные рабочие, занятые ручным трудом",МУЖСКОЙ,1.0,законченное среднее образование,Вдовец/вдова,0,Нет,Нет,Нет,48.0,Нет,Среднее общее,Среднее,9.740968623038354
20000.0,40,СТРОИТЕЛЬСТВО,Специалисты высшего уровня квалификации,МУЖСКОЙ,1.0,законченное высшее образование и выше,Состоят в браке,1,Нет,Нет,Нет,40.0,Да,Высшее,Среднее,9.903487552536127
6000.0,41,ГРАЖДАНСКОЕ МАШИНОСТРОЕНИЕ,Специалисты высшего уровня квалификации,ЖЕНСКИЙ,1.0,законченное среднее образование,Состоят в браке,1,Нет,Нет,Нет,40.0,Да,Профессиональное,Микро,8.699514748210191
20000.0,36,ГРАЖДАНСКОЕ МАШИНОСТРОЕНИЕ,"Квалифицированные рабочие, занятые ручным трудом",ЖЕНСКИЙ,1.0,законченное среднее образование,Состоят в браке,3,Нет,Да,Да,40.0,Нет,Среднее общее,Микро,9.903487552536127
17000.0,57,ОРГАНЫ УПРАВЛЕНИЯ,Специалисты среднего уровня квалификации; чиновники,МУЖСКОЙ,1.0,законченное высшее образование и выше,Состоят в браке,0,Нет,Да,Нет,45.0,Да,Высшее,Малое,9.740968623038354
11000.0,51,ДРУГОЕ,Работники сферы торговли и услуг,ЖЕНСКИЙ,1.0,законченное среднее специальное образование,Состоят в браке,0,Нет,Нет,Нет,44.0,Да,Профессиональное,Микро,9.305650551780507
15000.0,23,"ТОРГОВЛЯ, БЫТОВОЕ ОБСЛУЖИВАНИЕ",Работники сферы торговли и услуг,ЖЕНСКИЙ,1.0,законченное среднее специальное образование,Не в браке,0,Нет,Нет,Нет,60.0,Да,Профессиональное,Малое,9.615805480084347
20000.0,46,"ЛЕГКАЯ, ПИЩЕВАЯ ПРОМЫШЛЕННОСТЬ","Квалифицированные рабочие, занятые ручным трудом",ЖЕНСКИЙ,1.0,законченное среднее образование,Состоят в браке,1,Нет,Нет,Нет,50.0,Да,Профессиональное,Малое,9.903487552536127
23000.0,46,ГРАЖДАНСКОЕ МАШИНОСТРОЕНИЕ,"Квалифицированные рабочие, использующие машины и механизмы",МУЖСКОЙ,1.0,законченное среднее образование,Состоят в браке,1,Нет,Да,Нет,52.0,Нет,Среднее общее,Микро,10.043249494911286
12000.0,20,"ЛЕГКАЯ, ПИЩЕВАЯ ПРОМЫШЛЕННОСТЬ",Работники сферы торговли и услуг,ЖЕНСКИЙ,1.0,законченное среднее специальное образование,Состоят в браке,0,Нет,Нет,Нет,40.0,Да,Среднее общее,Малое,9.392661928770137
7200.0,51,ОБРАЗОВАНИЕ,Специалисты высшего уровня квалификации,ЖЕНСКИЙ,1.0,законченное высшее образование и выше,Состоят в браке,0,Да,Да,Нет,40.0,Да,Высшее,Микро,8.881836305004146
8000.0,53,"НАУКА, КУЛЬТУРА","Квалифицированные рабочие, занятые ручным трудом",МУЖСКОЙ,1.0,законченное среднее специальное образование,Состоят в браке,0,Нет,Да,Нет,40.0,Да,Профессиональное,Микро,8.987196820661973
18000.0,29,НЕФТЕГАЗОВАЯ ПРОМЫШЛЕННОСТЬ,Специалисты высшего уровня квалификации,МУЖСКОЙ,1.0,законченное высшее образование и выше,Не в браке,0,Да,Да,Нет,40.0,Да,Высшее,Микро,9.798127036878302
10000.0,19,"ТОРГОВЛЯ, БЫТОВОЕ ОБСЛУЖИВАНИЕ",Работники сферы торговли и услуг,МУЖСКОЙ,1.0,законченное среднее специальное образование,Не в браке,0,Нет,Нет,Нет,55.0,Да,Профессиональное,Микро,9.210340371976184
10000.0,47,"ТОРГОВЛЯ, БЫТОВОЕ ОБСЛУЖИВАНИЕ",Работники сферы торговли и услуг,ЖЕНСКИЙ,1.0,законченное среднее образование,Не в браке,0,Нет,Нет,Нет,42.0,Да,Профессиональное,Малое,9.210340371976184
20000.0,26,"ТРАНСПОРТ, СВЯЗЬ","Квалифицированные рабочие, занятые ручным трудом",МУЖСКОЙ,1.0,законченное высшее образование и выше,Не в браке,0,Да,Да,Нет,40.0,Да,Высшее,Микро,9.903487552536127
8000.0,42,ОБРАЗОВАНИЕ,Специалисты высшего уровня квалификации,ЖЕНСКИЙ,1.0,законченное высшее образование и выше,Не в браке,1,Да,Да,Да,31.0,Да,Высшее,Малое,8.987196820661973
11000.0,24,ДРУГОЕ,Работники сферы торговли и услуг,МУЖСКОЙ,1.0,законченное среднее специальное образование,Не в браке,0,Да,Да,Нет,40.0,Да,Профессиональное,Микро,9.305650551780507
6500.0,57,ОБРАЗОВАНИЕ,Специалисты высшего уровня квалификации,ЖЕНСКИЙ,1.0,законченное среднее специальное образование,Вдовец/вдова,0,Да,Да,Нет,36.0,Да,Профессиональное,Малое,8.779557455883728
7000.0,29,ВОЕННО-ПРОМЫШЛЕННЫЙ КОМПЛЕКС,"Квалифицированные рабочие, использующие машины и механизмы",МУЖСКОЙ,1.0,законченное высшее образование и выше,Не в браке,1,Да,Да,Да,40.0,Да,Высшее,Крупное,8.85366542803745
3500.0,53,ЖИЛИЩНО-КОММУНАЛЬНОЕ ХОЗЯЙСТВО,Неквалифицированные рабочие всех отраслей,ЖЕНСКИЙ,1.0,законченное среднее образование,Не в браке,0,Нет,Нет,Нет,24.0,Да,Профессиональное,Среднее,8.160518247477505
18500.0,50,ОБРАЗОВАНИЕ,Специалисты высшего уровня квалификации,ЖЕНСКИЙ,1.0,законченное высшее образование и выше,Вдовец/вдова,0,Нет,Да,Да,40.0,Да,Высшее,Микро,9.825526011066415
4000.0,43,ОБРАЗОВАНИЕ,Специалисты высшего уровня квалификации,ЖЕНСКИЙ,1.0,законченное высшее образование и выше,Состоят в браке,0,Нет,Да,Да,30.0,Да,Высшее,Малое,8.294049640102028
15000.0,21,"ТРАНСПОРТ, СВЯЗЬ","Квалифицированные рабочие, занятые ручным трудом",МУЖСКОЙ,1.0,незаконченное среднее,Не в браке,0,Нет,Да,Нет,40.0,Нет,Среднее общее,Микро,9.615805480084347
5500.0,64,ЗДРАВООХРАНЕНИЕ,Специалисты среднего уровня квалификации; чиновники,ЖЕНСКИЙ,1.0,законченное среднее специальное образование,Вдовец/вдова,0,Нет,Да,Да,40.0,Да,Профессиональное,Малое,8.612503371220562
14000.0,34,"ТРАНСПОРТ, СВЯЗЬ",Специалисты высшего уровня квалификации,ЖЕНСКИЙ,1.0,законченное высшее образование и выше,Состоят в браке,1,Да,Да,Нет,40.0,Да,Высшее,Крупное,9.546812608597396
14000.0,55,СЕЛЬСКОЕ ХОЗЯЙСТВО,Неквалифицированные рабочие всех отраслей,ЖЕНСКИЙ,1.0,законченное среднее образование,Вдовец/вдова,0,Нет,Нет,Нет,40.0,Нет,Среднее общее,Микро,9.546812608597396
8000.0,34,"ТРАНСПОРТ, СВЯЗЬ",Служащие офисные и по обслуживанию клиентов,ЖЕНСКИЙ,1.0,законченное среднее образование,Состоят в браке,1,Нет,Да,Нет,48.0,Да,Среднее общее,Микро,8.987196820661973
8000.0,34,"ТОРГОВЛЯ, БЫТОВОЕ ОБСЛУЖИВАНИЕ",Работники сферы торговли и услуг,ЖЕНСКИЙ,1.0,законченное среднее образование,Вдовец/вдова,1,Нет,Нет,Нет,84.0,Нет,Среднее общее,Микро,8.987196820661973
45000.0,46,"НАУКА, КУЛЬТУРА",Специалисты среднего уровня квалификации; чиновники,ЖЕНСКИЙ,1.0,законченное высшее образование и выше,Состоят в браке,1,Нет,Да,Нет,42.0,Да,Высшее,Микро,10.714417768752456
7000.0,52,ОБРАЗОВАНИЕ,Специалисты высшего уровня квалификации,МУЖСКОЙ,1.0,законченное высшее образование и выше,Состоят в браке,1,Нет,Да,Нет,40.0,Да,Высшее,Микро,8.85366542803745
15000.0,53,СТРОИТЕЛЬСТВО,"Квалифицированные рабочие, занятые ручным трудом",МУЖСКОЙ,1.0,законченное среднее образование,Не в браке,0,Нет,Нет,Нет,48.0,Нет,Среднее общее,Малое,9.615805480084347
5000.0,60,ОБРАЗОВАНИЕ,Специалисты высшего уровня квалификации,ЖЕНСКИЙ,1.0,законченное высшее образование и выше,Не в браке,0,Нет,Да,Нет,20.0,Да,Высшее,Микро,8.517193191416238
10000.0,49,"ЛЕГКАЯ, ПИЩЕВАЯ ПРОМЫШЛЕННОСТЬ","Квалифицированные рабочие, использующие машины и механизмы",ЖЕНСКИЙ,1.0,законченное среднее образование,Состоят в браке,0,Нет,Да,Нет,48.0,Нет,Среднее общее,Крупное,9.210340371976184
10000.0,49,"ЛЕГКАЯ, ПИЩЕВАЯ ПРОМЫШЛЕННОСТЬ","Квалифицированные рабочие, занятые ручным трудом",МУЖСКОЙ,1.0,законченное среднее образование,Состоят в браке,0,Нет,Нет,Нет,48.0,Да,Профессиональное,Микро,9.210340371976184
6000.0,27,ОБРАЗОВАНИЕ,Специалисты высшего уровня квалификации,ЖЕНСКИЙ,1.0,законченное высшее образование и выше,Состоят в браке,1,Да,Да,Нет,40.0,Да,Высшее,Крупное,8.699514748210191
10000.0,24,"ЛЕГКАЯ, ПИЩЕВАЯ ПРОМЫШЛЕННОСТЬ","Квалифицированные рабочие, занятые ручным трудом",МУЖСКОЙ,1.0,законченное среднее образование,Не в браке,0,Нет,Да,Нет,40.0,Нет,Среднее общее,Микро,9.210340371976184
4000.0,67,"ТОРГОВЛЯ, БЫТОВОЕ ОБСЛУЖИВАНИЕ",Неквалифицированные рабочие всех отраслей,ЖЕНСКИЙ,1.0,законченное среднее образование,Состоят в браке,0,Нет,Нет,Нет,40.0,Да,Среднее общее,Микро,8.294049640102028
15000.0,53,ЗДРАВООХРАНЕНИЕ,Специалисты высшего уровня квалификации,ЖЕНСКИЙ,1.0,законченное среднее специальное образование,Вдовец/вдова,0,Нет,Да,Нет,40.0,Да,Профессиональное,Среднее,9.615805480084347
10000.0,22,"ТОРГОВЛЯ, БЫТОВОЕ ОБСЛУЖИВАНИЕ",Специалисты среднего уровня квалификации; чиновники,ЖЕНСКИЙ,1.0,законченное высшее образование и выше,Не в браке,0,Да,Нет,Нет,50.0,Да,Высшее,Микро,9.210340371976184
14150.0,57,ВОЕННО-ПРОМЫШЛЕННЫЙ КОМПЛЕКС,"Квалифицированные рабочие, использующие машины и механизмы",ЖЕНСКИЙ,0.0,законченное среднее специальное образование,Вдовец/вдова,0,Нет,Да,Нет,40.0,Да,Профессиональное,Микро,9.557469903071384
18000.0,33,"ТОРГОВЛЯ, БЫТОВОЕ ОБСЛУЖИВАНИЕ",Законодатели; крупные чиновники; руководители высш. и сред. звена,ЖЕНСКИЙ,0.0,законченное среднее специальное образование,Состоят в браке,1,Нет,Нет,Нет,66.0,Да,Профессиональное,Крупное,9.798127036878302
26000.0,48,ЗДРАВООХРАНЕНИЕ,Законодатели; крупные чиновники; руководители высш. и сред. звена,ЖЕНСКИЙ,0.0,законченное высшее образование и выше,Состоят в браке,1,Да,Нет,Нет,40.0,Да,Высшее,Малое,10.165851817003619
35000.0,55,"ЛЕГКАЯ, ПИЩЕВАЯ ПРОМЫШЛЕННОСТЬ",Законодатели; крупные чиновники; руководители высш. и сред. звена,МУЖСКОЙ,0.0,законченное высшее образование и выше,Состоят в браке,1,Да,Нет,Нет,40.0,Да,Высшее,Крупное,10.46310334047155
8000.0,43,"ТОРГОВЛЯ, БЫТОВОЕ ОБСЛУЖИВАНИЕ",Работники сферы торговли и услуг,ЖЕНСКИЙ,0.0,законченное среднее специальное образование,Не в браке,0,Нет,Нет,Нет,101.0,Да,Профессиональное,Микро,8.987196820661973
8000.0,64,"ТРАНСПОРТ, СВЯЗЬ",Специалисты среднего уровня квалификации; чиновники,МУЖСКОЙ,0.0,законченное высшее образование и выше,Состоят в браке,0,Да,Нет,Да,48.0,Да,Высшее,Микро,8.987196820661973
15000.0,52,ЭНЕРГЕТИЧЕСКАЯ ПРОМЫШЛЕННОСТЬ,Специалисты высшего уровня квалификации,ЖЕНСКИЙ,0.0,законченное высшее образование и выше,Не в браке,1,Нет,Да,Нет,40.0,Да,Высшее,Крупное,9.615805480084347
15000.0,52,ОБРАЗОВАНИЕ,Специалисты среднего уровня квалификации; чиновники,ЖЕНСКИЙ,0.0,законченное среднее образование,Состоят в браке,0,Нет,Да,Нет,40.0,Да,Среднее общее,Среднее,9.615805480084347
32000.0,51,"ТОРГОВЛЯ, БЫТОВОЕ ОБСЛУЖИВАНИЕ",Специалисты среднего уровня квалификации; чиновники,МУЖСКОЙ,0.0,законченное среднее образование,Состоят в браке,0,Нет,Нет,Нет,70.0,Да,Среднее общее,Малое,10.373491181781864
25000.0,52,"ТРАНСПОРТ, СВЯЗЬ","Квалифицированные рабочие, занятые ручным трудом",МУЖСКОЙ,0.0,законченное среднее специальное образование,Состоят в браке,0,Нет,Нет,Нет,40.0,Да,Профессиональное,Малое,10.126631103850338
30000.0,31,"ТРАНСПОРТ, СВЯЗЬ",Специалисты высшего уровня квалификации,ЖЕНСКИЙ,0.0,законченное высшее образование и выше,Состоят в браке,0,Нет,Нет,Нет,40.0,Да,Высшее,Крупное,10.308952660644293
15000.0,65,НЕФТЕГАЗОВАЯ ПРОМЫШЛЕННОСТЬ,"Квалифицированные рабочие, использующие машины и механизмы",МУЖСКОЙ,0.0,законченное среднее образование,Состоят в браке,0,Нет,Нет,Нет,,Да,Профессиональное,Микро,9.615805480084347
90000.0,51,"ТРАНСПОРТ, СВЯЗЬ",Специалисты среднего уровня квалификации; чиновники,МУЖСКОЙ,0.0,законченное высшее образование и выше,Состоят в браке,0,Да,Нет,Нет,,Да,Высшее,Микро,11.407564949312402
15000.0,64,ЭНЕРГЕТИЧЕСКАЯ ПРОМЫШЛЕННОСТЬ,"Квалифицированные рабочие, занятые ручным трудом",МУЖСКОЙ,0.0,законченное высшее образование и выше,Состоят в браке,0,Нет,Да,Нет,,Да,Высшее,Микро,9.615805480084347
10000.0,36,"ЛЕГКАЯ, ПИЩЕВАЯ ПРОМЫШЛЕННОСТЬ",Служащие офисные и по обслуживанию клиентов,ЖЕНСКИЙ,1.0,законченное среднее образование,Не в браке,1,Нет,Да,Нет,48.0,Да,Профессиональное,Микро,9.210340371976184
5000.0,67,СТРОИТЕЛЬСТВО,Работники сферы торговли и услуг,МУЖСКОЙ,1.0,незаконченное среднее,Состоят в браке,0,Нет,Нет,Нет,60.0,Да,Среднее общее,Микро,8.517193191416238
10000.0,51,ОБРАЗОВАНИЕ,"Квалифицированные рабочие, занятые ручным трудом",МУЖСКОЙ,1.0,законченное среднее образование,Не в браке,0,Нет,Да,Нет,40.0,Нет,Среднее общее,Микро,9.210340371976184
10000.0,51,"НАУКА, КУЛЬТУРА",Специалисты высшего уровня квалификации,ЖЕНСКИЙ,1.0,законченное высшее образование и выше,Состоят в браке,0,Нет,Да,Нет,48.0,Да,Высшее,Микро,9.210340371976184
10000.0,70,ДРУГОЕ,Специалисты высшего уровня квалификации,ЖЕНСКИЙ,0.0,законченное среднее специальное образование,Вдовец/вдова,0,Нет,Нет,Нет,40.0,Да,Профессиональное,Микро,9.210340371976184
17000.0,47,"ТРАНСПОРТ, СВЯЗЬ","Квалифицированные рабочие, занятые ручным трудом",МУЖСКОЙ,0.0,законченное среднее образование,Не в браке,1,Нет,Нет,Нет,40.0,Да,Профессиональное,Микро,9.740968623038354
50000.0,38,СТРОИТЕЛЬСТВО,Специалисты высшего уровня квалификации,ЖЕНСКИЙ,1.0,законченное высшее образование и выше,Состоят в браке,0,Нет,Нет,Нет,60.0,Да,Высшее,Малое,10.819778284410283
10000.0,41,"АРМИЯ, МВД, ОРГАНЫ БЕЗОПАСНОСТИ",Работники сферы торговли и услуг,МУЖСКОЙ,1.0,незаконченное среднее,Состоят в браке,0,Нет,Да,Нет,48.0,Да,Среднее общее,Малое,9.210340371976184
20000.0,46,"ТРАНСПОРТ, СВЯЗЬ","Квалифицированные рабочие, использующие машины и механизмы",МУЖСКОЙ,1.0,законченное среднее специальное образование,Состоят в браке,0,Нет,Да,Нет,40.0,Да,Профессиональное,Микро,9.903487552536127
23000.0,34,СТРОИТЕЛЬСТВО,Специалисты среднего уровня квалификации; чиновники,МУЖСКОЙ,0.0,законченное среднее специальное образование,Состоят в браке,1,Нет,Да,Нет,60.0,Да,Профессиональное,Малое,10.043249494911286
15000.0,46,"ТОРГОВЛЯ, БЫТОВОЕ ОБСЛУЖИВАНИЕ",Работники сферы торговли и услуг,ЖЕНСКИЙ,0.0,законченное среднее специальное образование,Состоят в браке,0,Да,Нет,Нет,,Да,Профессиональное,Микро,9.615805480084347
35000.0,50,"АРМИЯ, МВД, ОРГАНЫ БЕЗОПАСНОСТИ",Военнослужащие,МУЖСКОЙ,0.0,законченное высшее образование и выше,Состоят в браке,0,Да,Да,Да,40.0,Да,Высшее,Микро,10.46310334047155
20000.0,24,"ТОРГОВЛЯ, БЫТОВОЕ ОБСЛУЖИВАНИЕ",Специалисты высшего уровня квалификации,ЖЕНСКИЙ,0.0,законченное высшее образование и выше,Не в браке,0,Да,Нет,Нет,40.0,Да,Высшее,Малое,9.903487552536127
6500.0,43,ДРУГАЯ ОТРАСЛЬ ТЯЖЕЛОЙ ПРОМЫШЛЕННОСТИ,Специалисты среднего уровня квалификации; чиновники,ЖЕНСКИЙ,1.0,законченное среднее образование,Состоят в браке,1,Нет,Нет,Да,35.0,Да,Профессиональное,Среднее,8.779557455883728
10000.0,34,"АРМИЯ, МВД, ОРГАНЫ БЕЗОПАСНОСТИ",Работники сферы торговли и услуг,МУЖСКОЙ,1.0,законченное среднее образование,Состоят в браке,3,Нет,Да,Нет,36.0,Нет,Среднее общее,Микро,9.210340371976184
20000.0,32,"ТОРГОВЛЯ, БЫТОВОЕ ОБСЛУЖИВАНИЕ",Служащие офисные и по обслуживанию клиентов,МУЖСКОЙ,1.0,законченное среднее образование,Вдовец/вдова,1,Нет,Нет,Нет,48.0,Да,Профессиональное,Микро,9.903487552536127
13000.0,35,"НАУКА, КУЛЬТУРА",Специалисты высшего уровня квалификации,ЖЕНСКИЙ,1.0,законченное высшее образование и выше,Состоят в браке,0,Нет,Нет,Нет,,Да,Высшее,Малое,9.472704636443673
7000.0,35,"ТОРГОВЛЯ, БЫТОВОЕ ОБСЛУЖИВАНИЕ",Работники сферы торговли и услуг,ЖЕНСКИЙ,1.0,законченное среднее образование,Не в браке,2,Нет,Нет,Нет,60.0,Да,Профессиональное,Микро,8.85366542803745
9000.0,19,"ТОРГОВЛЯ, БЫТОВОЕ ОБСЛУЖИВАНИЕ",Специалисты среднего уровня квалификации; чиновники,ЖЕНСКИЙ,1.0,законченное среднее образование,Не в браке,0,Нет,Нет,Нет,48.0,Нет,Среднее общее,Микро,9.104979856318357
14000.0,47,ЗДРАВООХРАНЕНИЕ,"Квалифицированные рабочие, использующие машины и механизмы",МУЖСКОЙ,0.0,незаконченное среднее,Не в браке,2,Нет,Да,Нет,40.0,Нет,Среднее общее,Микро,9.546812608597396
43000.0,36,"АРМИЯ, МВД, ОРГАНЫ БЕЗОПАСНОСТИ",Законодатели; крупные чиновники; руководители высш. и сред. звена,МУЖСКОЙ,0.0,законченное высшее образование и выше,Состоят в браке,2,Нет,Да,Да,42.0,Да,Высшее,Крупное,10.668955394675699
16000.0,34,"ТОРГОВЛЯ, БЫТОВОЕ ОБСЛУЖИВАНИЕ",Работники сферы торговли и услуг,ЖЕНСКИЙ,0.0,законченное среднее специальное образование,Состоят в браке,2,Нет,Нет,Нет,51.0,Да,Профессиональное,Среднее,9.680344001221918
4000.0,31,ОБРАЗОВАНИЕ,Специалисты высшего уровня квалификации,ЖЕНСКИЙ,1.0,законченное среднее образование,Состоят в браке,3,Да,Да,Да,40.0,Да,Среднее общее,Малое,8.294049640102028
7000.0,40,ВОЕННО-ПРОМЫШЛЕННЫЙ КОМПЛЕКС,"Квалифицированные рабочие, использующие машины и механизмы",ЖЕНСКИЙ,1.0,законченное высшее образование и выше,Не в браке,0,Да,Да,Да,40.0,Да,Высшее,Крупное,8.85366542803745
5000.0,62,ЖИЛИЩНО-КОММУНАЛЬНОЕ ХОЗЯЙСТВО,Работники сферы торговли и услуг,ЖЕНСКИЙ,0.0,законченное среднее специальное образование,Состоят в браке,0,Нет,Нет,Нет,,Да,Профессиональное,Микро,8.517193191416238
8000.0,64,"ТОРГОВЛЯ, БЫТОВОЕ ОБСЛУЖИВАНИЕ",Работники сферы торговли и услуг,МУЖСКОЙ,0.0,законченное высшее образование и выше,Состоят в браке,0,Да,Нет,Нет,,Да,Высшее,Малое,8.987196820661973
5000.0,64,ЗДРАВООХРАНЕНИЕ,Работники сферы торговли и услуг,ЖЕНСКИЙ,0.0,законченное среднее специальное образование,Вдовец/вдова,0,Нет,Да,Нет,64.0,Да,Профессиональное,Микро,8.517193191416238
7000.0,62,"ТРАНСПОРТ, СВЯЗЬ",Неквалифицированные рабочие всех отраслей,ЖЕНСКИЙ,0.0,законченное высшее образование и выше,Вдовец/вдова,0,Да,Да,Нет,25.0,Да,Высшее,Микро,8.85366542803745
10000.0,28,ОРГАНЫ УПРАВЛЕНИЯ,Специалисты высшего уровня квалификации,ЖЕНСКИЙ,1.0,законченное высшее образование и выше,Состоят в браке,1,Да,Да,Нет,40.0,Да,Высшее,Малое,9.210340371976184
10000.0,35,"ТРАНСПОРТ, СВЯЗЬ",Служащие офисные и по обслуживанию клиентов,ЖЕНСКИЙ,1.0,законченное высшее образование и выше,Состоят в браке,1,Нет,Да,Нет,48.0,Да,Высшее,Микро,9.210340371976184
7000.0,52,ОБРАЗОВАНИЕ,Работники сферы торговли и услуг,МУЖСКОЙ,1.0,законченное высшее образование и выше,Состоят в браке,1,Да,Да,Нет,48.0,Да,Высшее,Микро,8.85366542803745
20000.0,32,СТРОИТЕЛЬСТВО,Специалисты среднего уровня квалификации; чиновники,МУЖСКОЙ,1.0,законченное высшее образование и выше,Состоят в браке,1,Да,Нет,Нет,40.0,Да,Высшее,Малое,9.903487552536127
25000.0,29,ЗДРАВООХРАНЕНИЕ,Специалисты высшего уровня квалификации,МУЖСКОЙ,1.0,законченное высшее образование и выше,Состоят в браке,1,Нет,Да,Да,40.0,Да,Высшее,Крупное,10.126631103850338
15000.0,35,ДРУГАЯ ОТРАСЛЬ ТЯЖЕЛОЙ ПРОМЫШЛЕННОСТИ,"Квалифицированные рабочие, занятые ручным трудом",МУЖСКОЙ,1.0,законченное среднее образование,Состоят в браке,1,Нет,Нет,Да,40.0,Да,Среднее общее,Микро,9.615805480084347
20000.0,52,"ЛЕГКАЯ, ПИЩЕВАЯ ПРОМЫШЛЕННОСТЬ","Квалифицированные рабочие, занятые ручным трудом",МУЖСКОЙ,1.0,законченное высшее образование и выше,Не в браке,0,Нет,Нет,Нет,48.0,Да,Высшее,Среднее,9.903487552536127
16000.0,54,ОРГАНЫ УПРАВЛЕНИЯ,Специалисты высшего уровня квалификации,ЖЕНСКИЙ,1.0,законченное высшее образование и выше,Вдовец/вдова,0,Да,Да,Нет,40.0,Да,Высшее,Среднее,9.680344001221918
8000.0,23,ОРГАНЫ УПРАВЛЕНИЯ,Специалисты среднего уровня квалификации; чиновники,ЖЕНСКИЙ,1.0,законченное высшее образование и выше,Не в браке,0,Да,Да,Нет,40.0,Да,Высшее,Среднее,8.987196820661973
11000.0,40,ФИНАНСЫ,"Квалифицированные рабочие, использующие машины и механизмы",МУЖСКОЙ,1.0,законченное среднее специальное образование,Не в браке,0,Нет,Да,Нет,40.0,Да,Высшее,Малое,9.305650551780507
10500.0,44,ОРГАНЫ УПРАВЛЕНИЯ,Специалисты высшего уровня квалификации,ЖЕНСКИЙ,1.0,законченное высшее образование и выше,Не в браке,0,Да,Да,Нет,40.0,Да,Высшее,Среднее,9.259130536145614
13000.0,48,"ТОРГОВЛЯ, БЫТОВОЕ ОБСЛУЖИВАНИЕ",Законодатели; крупные чиновники; руководители высш. и сред. звена,ЖЕНСКИЙ,1.0,законченное среднее образование,Состоят в браке,0,Нет,Нет,Нет,40.0,Да,Профессиональное,Малое,9.472704636443673
15000.0,25,"АРМИЯ, МВД, ОРГАНЫ БЕЗОПАСНОСТИ",Служащие офисные и по обслуживанию клиентов,МУЖСКОЙ,1.0,законченное высшее образование и выше,Не в браке,0,Да,Нет,Нет,48.0,Да,Высшее,Малое,9.615805480084347
8000.0,26,"АРМИЯ, МВД, ОРГАНЫ БЕЗОПАСНОСТИ",Специалисты среднего уровня квалификации; чиновники,ЖЕНСКИЙ,1.0,законченное высшее образование и выше,Не в браке,0,Да,Да,Да,40.0,Да,Высшее,Малое,8.987196820661973
23000.0,47,ГРАЖДАНСКОЕ МАШИНОСТРОЕНИЕ,"Квалифицированные рабочие, занятые ручным трудом",МУЖСКОЙ,1.0,законченное среднее специальное образование,Состоят в браке,1,Нет,Нет,Нет,48.0,Да,Профессиональное,Малое,10.043249494911286
8000.0,46,"ТОРГОВЛЯ, БЫТОВОЕ ОБСЛУЖИВАНИЕ",Работники сферы торговли и услуг,ЖЕНСКИЙ,1.0,законченное среднее специальное образование,Состоят в браке,1,Нет,Нет,Нет,56.0,Да,Профессиональное,Среднее,8.987196820661973
5500.0,61,"АРМИЯ, МВД, ОРГАНЫ БЕЗОПАСНОСТИ",Работники сферы торговли и услуг,ЖЕНСКИЙ,1.0,законченное высшее образование и выше,Состоят в браке,0,Нет,Да,Нет,72.0,Да,Высшее,Малое,8.612503371220562
4000.0,40,"ЛЕГКАЯ, ПИЩЕВАЯ ПРОМЫШЛЕННОСТЬ",Работники сферы торговли и услуг,ЖЕНСКИЙ,1.0,законченное среднее специальное образование,Состоят в браке,1,Нет,Нет,Нет,27.0,Да,Профессиональное,Микро,8.294049640102028
14000.0,46,СТРОИТЕЛЬСТВО,"Квалифицированные рабочие, занятые ручным трудом",МУЖСКОЙ,1.0,законченное высшее образование и выше,Состоят в браке,1,Нет,Да,Нет,48.0,Да,Высшее,Малое,9.546812608597396
2000.0,56,ВОЕННО-ПРОМЫШЛЕННЫЙ КОМПЛЕКС,Работники сферы торговли и услуг,ЖЕНСКИЙ,1.0,законченное среднее образование,Не в браке,0,Нет,Да,Нет,48.0,Да,Среднее общее,Крупное,7.600902459542082
30000.0,36,"ТОРГОВЛЯ, БЫТОВОЕ ОБСЛУЖИВАНИЕ",Законодатели; крупные чиновники; руководители высш. и сред. звена,ЖЕНСКИЙ,1.0,законченное высшее образование и выше,Состоят в браке,2,Да,Нет,Нет,40.0,Да,Высшее,Крупное,10.308952660644293
4200.0,61,ВОЕННО-ПРОМЫШЛЕННЫЙ КОМПЛЕКС,Служащие офисные и по обслуживанию клиентов,ЖЕНСКИЙ,1.0,законченное среднее образование,Вдовец/вдова,0,Нет,Да,Нет,40.0,Да,Среднее общее,Микро,8.34283980427146
8000.0,36,"ТОРГОВЛЯ, БЫТОВОЕ ОБСЛУЖИВАНИЕ","Квалифицированные рабочие, занятые ручным трудом",МУЖСКОЙ,1.0,законченное среднее специальное образование,Состоят в браке,1,Нет,Нет,Нет,48.0,Да,Профессиональное,Микро,8.987196820661973
5000.0,34,ЗДРАВООХРАНЕНИЕ,Специалисты среднего уровня квалификации; чиновники,ЖЕНСКИЙ,1.0,законченное среднее образование,Состоят в браке,1,Нет,Да,Да,96.0,Да,Профессиональное,Среднее,8.517193191416238
15000.0,23,"ТОРГОВЛЯ, БЫТОВОЕ ОБСЛУЖИВАНИЕ",Специалисты среднего уровня квалификации; чиновники,ЖЕНСКИЙ,1.0,законченное среднее специальное образование,Не в браке,0,Да,Нет,Нет,48.0,Да,Высшее,Среднее,9.615805480084347
15000.0,26,"ЛЕГКАЯ, ПИЩЕВАЯ ПРОМЫШЛЕННОСТЬ",Работники сферы торговли и услуг,ЖЕНСКИЙ,1.0,законченное высшее образование и выше,Состоят в браке,1,Да,Нет,Нет,40.0,Да,Высшее,Крупное,9.615805480084347
20000.0,29,"ТРАНСПОРТ, СВЯЗЬ","Квалифицированные рабочие, занятые ручным трудом",МУЖСКОЙ,1.0,законченное среднее специальное образование,Состоят в браке,1,Нет,Нет,Нет,48.0,Да,Высшее,Микро,9.903487552536127
8000.0,42,НЕФТЕГАЗОВАЯ ПРОМЫШЛЕННОСТЬ,"Квалифицированные рабочие, занятые ручным трудом",МУЖСКОЙ,1.0,законченное среднее образование,Состоят в браке,0,Нет,Да,Нет,40.0,Да,Профессиональное,Крупное,8.987196820661973
4300.0,49,ЗДРАВООХРАНЕНИЕ,Работники сферы торговли и услуг,ЖЕНСКИЙ,1.0,законченное среднее образование,Состоят в браке,1,Нет,Да,Нет,30.0,Да,Среднее общее,Малое,8.366370301681654
9000.0,52,ЖИЛИЩНО-КОММУНАЛЬНОЕ ХОЗЯЙСТВО,"Квалифицированные рабочие, занятые ручным трудом",МУЖСКОЙ,1.0,законченное среднее образование,Состоят в браке,1,Нет,Нет,Да,44.0,Да,Профессиональное,Малое,9.104979856318357
5500.0,59,ОБРАЗОВАНИЕ,Специалисты высшего уровня квалификации,ЖЕНСКИЙ,1.0,законченное высшее образование и выше,Не в браке,0,Да,Да,Нет,18.0,Да,Высшее,Крупное,8.612503371220562
20000.0,45,"ТОРГОВЛЯ, БЫТОВОЕ ОБСЛУЖИВАНИЕ",Специалисты среднего уровня квалификации; чиновники,ЖЕНСКИЙ,0.0,законченное среднее образование,Не в браке,0,Нет,Нет,Нет,84.0,Да,Среднее общее,Малое,9.903487552536127
17000.0,23,"ТОРГОВЛЯ, БЫТОВОЕ ОБСЛУЖИВАНИЕ",Работники сферы торговли и услуг,ЖЕНСКИЙ,0.0,законченное среднее образование,Не в браке,0,Нет,Нет,Нет,84.0,Да,Среднее общее,Малое,9.740968623038354
17000.0,19,"ТОРГОВЛЯ, БЫТОВОЕ ОБСЛУЖИВАНИЕ",Работники сферы торговли и услуг,ЖЕНСКИЙ,0.0,законченное среднее образование,Не в браке,0,Нет,Нет,Нет,84.0,Да,Среднее общее,Малое,9.740968623038354
35000.0,42,"ТРАНСПОРТ, СВЯЗЬ","Квалифицированные рабочие, использующие машины и механизмы",МУЖСКОЙ,0.0,законченное среднее специальное образование,Состоят в браке,1,Да,Нет,Да,56.0,Да,Профессиональное,Микро,10.46310334047155
15000.0,46,ОБРАЗОВАНИЕ,Специалисты высшего уровня квалификации,ЖЕНСКИЙ,0.0,законченное высшее образование и выше,Состоят в браке,1,Да,Да,Нет,40.0,Да,Высшее,Микро,9.615805480084347
9600.0,46,ВОЕННО-ПРОМЫШЛЕННЫЙ КОМПЛЕКС,Специалисты высшего уровня квалификации,ЖЕНСКИЙ,0.0,законченное среднее специальное образование,Состоят в браке,0,Нет,Да,Нет,40.0,Да,Профессиональное,Среднее,9.169518377455928
40000.0,61,"ТРАНСПОРТ, СВЯЗЬ",Специалисты среднего уровня квалификации; чиновники,МУЖСКОЙ,0.0,законченное среднее специальное образование,Состоят в браке,0,Да,Нет,Да,,Да,Профессиональное,Малое,10.596634733096073
30000.0,35,"ТОРГОВЛЯ, БЫТОВОЕ ОБСЛУЖИВАНИЕ","Квалифицированные рабочие, использующие машины и механизмы",МУЖСКОЙ,0.0,законченное среднее образование,Состоят в браке,1,Нет,Нет,Нет,60.0,Да,Среднее общее,Крупное,10.308952660644293
13000.0,54,"ТРАНСПОРТ, СВЯЗЬ",Служащие офисные и по обслуживанию клиентов,МУЖСКОЙ,0.0,законченное среднее специальное образование,Не в браке,0,Нет,Да,Нет,40.0,Да,Профессиональное,Малое,9.472704636443673
7000.0,70,ЗДРАВООХРАНЕНИЕ,Работники сферы торговли и услуг,ЖЕНСКИЙ,0.0,законченное среднее образование,Вдовец/вдова,0,Нет,Да,Нет,40.0,Да,Среднее общее,Микро,8.85366542803745
8000.0,56,"ТРАНСПОРТ, СВЯЗЬ",Неквалифицированные рабочие всех отраслей,ЖЕНСКИЙ,0.0,законченное среднее образование,Состоят в браке,0,Нет,Нет,Нет,40.0,Нет,Среднее общее,Микро,8.987196820661973
50000.0,30,"ЛЕГКАЯ, ПИЩЕВАЯ ПРОМЫШЛЕННОСТЬ",Специалисты среднего уровня квалификации; чиновники,МУЖСКОЙ,0.0,законченное среднее специальное образование,Состоят в браке,1,Нет,Да,Да,84.0,Да,Профессиональное,Микро,10.819778284410283
12000.0,30,ОБРАЗОВАНИЕ,Специалисты среднего уровня квалификации; чиновники,ЖЕНСКИЙ,0.0,законченное высшее образование и выше,Состоят в браке,1,Нет,Да,Нет,40.0,Да,Высшее,Малое,9.392661928770137
17500.0,34,"ЛЕГКАЯ, ПИЩЕВАЯ ПРОМЫШЛЕННОСТЬ",Законодатели; крупные чиновники; руководители высш. и сред. звена,МУЖСКОЙ,0.0,законченное высшее образование и выше,Состоят в браке,1,Нет,Нет,Нет,40.0,Да,Высшее,Среднее,9.769956159911606
25000.0,26,"ТОРГОВЛЯ, БЫТОВОЕ ОБСЛУЖИВАНИЕ","Квалифицированные рабочие, занятые ручным трудом",МУЖСКОЙ,0.0,законченное среднее образование,Не в браке,0,Нет,Нет,Нет,60.0,Да,Профессиональное,Микро,10.126631103850338
30000.0,29,"ТОРГОВЛЯ, БЫТОВОЕ ОБСЛУЖИВАНИЕ","Квалифицированные рабочие, занятые ручным трудом",МУЖСКОЙ,0.0,законченное высшее образование и выше,Не в браке,0,Нет,Нет,Нет,40.0,Да,Высшее,Микро,10.308952660644293
17000.0,57,ГРАЖДАНСКОЕ МАШИНОСТРОЕНИЕ,"Квалифицированные рабочие, занятые ручным трудом",МУЖСКОЙ,0.0,законченное высшее образование и выше,Состоят в браке,0,Нет,Да,Нет,40.0,Да,Высшее,Микро,9.740968623038354
13000.0,56,НЕФТЕГАЗОВАЯ ПРОМЫШЛЕННОСТЬ,Специалисты среднего уровня квалификации; чиновники,ЖЕНСКИЙ,0.0,законченное среднее специальное образование,Состоят в браке,0,Нет,Да,Нет,40.0,Да,Профессиональное,Малое,9.472704636443673
12000.0,49,ОБРАЗОВАНИЕ,Специалисты высшего уровня квалификации,ЖЕНСКИЙ,0.0,законченное высшее образование и выше,Не в браке,0,Да,Да,Нет,48.0,Да,Высшее,Малое,9.392661928770137
21000.0,35,ФИНАНСЫ,Специалисты среднего уровня квалификации; чиновники,ЖЕНСКИЙ,0.0,законченное высшее образование и выше,Не в браке,1,Да,Нет,Нет,40.0,Да,Высшее,Микро,9.95227771670556
8000.0,59,ВОЕННО-ПРОМЫШЛЕННЫЙ КОМПЛЕКС,Специалисты высшего уровня квалификации,ЖЕНСКИЙ,1.0,законченное среднее специальное образование,Состоят в браке,0,Нет,Да,Нет,40.0,Да,Профессиональное,Крупное,8.987196820661973
15000.0,56,"АРМИЯ, МВД, ОРГАНЫ БЕЗОПАСНОСТИ",Законодатели; крупные чиновники; руководители высш. и сред. звена,МУЖСКОЙ,1.0,законченное высшее образование и выше,Состоят в браке,0,Нет,Нет,Нет,50.0,Да,Высшее,Среднее,9.615805480084347
20000.0,31,СТРОИТЕЛЬСТВО,"Квалифицированные рабочие, занятые ручным трудом",МУЖСКОЙ,1.0,законченное среднее специальное образование,Состоят в браке,1,Нет,Нет,Нет,40.0,Да,Профессиональное,Микро,9.903487552536127
18000.0,23,"ТОРГОВЛЯ, БЫТОВОЕ ОБСЛУЖИВАНИЕ",Служащие офисные и по обслуживанию клиентов,МУЖСКОЙ,1.0,законченное среднее специальное образование,Состоят в браке,1,Нет,Нет,Нет,55.0,Да,Профессиональное,Микро,9.798127036878302
13000.0,48,ЗДРАВООХРАНЕНИЕ,Служащие офисные и по обслуживанию клиентов,ЖЕНСКИЙ,1.0,законченное высшее образование и выше,Не в браке,0,Нет,Нет,Нет,42.0,Да,Высшее,Малое,9.472704636443673
4000.0,20,"ТОРГОВЛЯ, БЫТОВОЕ ОБСЛУЖИВАНИЕ",Работники сферы торговли и услуг,МУЖСКОЙ,1.0,законченное среднее специальное образование,Не в браке,0,Нет,Нет,Нет,32.0,Да,Среднее общее,Малое,8.294049640102028
15000.0,22,"ТРАНСПОРТ, СВЯЗЬ","Квалифицированные рабочие, занятые ручным трудом",МУЖСКОЙ,1.0,законченное среднее специальное образование,Не в браке,0,Нет,Нет,Нет,48.0,Да,Профессиональное,Малое,9.615805480084347
10000.0,46,"ТОРГОВЛЯ, БЫТОВОЕ ОБСЛУЖИВАНИЕ",Специалисты среднего уровня квалификации; чиновники,ЖЕНСКИЙ,1.0,законченное среднее специальное образование,Состоят в браке,0,Нет,Нет,Нет,45.0,Да,Профессиональное,Микро,9.210340371976184
8000.0,25,"ЛЕГКАЯ, ПИЩЕВАЯ ПРОМЫШЛЕННОСТЬ","Квалифицированные рабочие, занятые ручным трудом",МУЖСКОЙ,1.0,законченное высшее образование и выше,Не в браке,0,Да,Нет,Нет,45.0,Да,Высшее,Малое,8.987196820661973
8000.0,39,"ТОРГОВЛЯ, БЫТОВОЕ ОБСЛУЖИВАНИЕ",Работники сферы торговли и услуг,МУЖСКОЙ,1.0,законченное среднее образование,Состоят в браке,0,Нет,Нет,Нет,72.0,Да,Профессиональное,Малое,8.987196820661973
5000.0,36,ОБРАЗОВАНИЕ,Специалисты высшего уровня квалификации,ЖЕНСКИЙ,1.0,законченное среднее специальное образование,Состоят в браке,0,Нет,Да,Нет,36.0,Да,Профессиональное,Микро,8.517193191416238
15000.0,30,ОБРАЗОВАНИЕ,Специалисты высшего уровня квалификации,ЖЕНСКИЙ,1.0,законченное высшее образование и выше,Состоят в браке,1,Да,Да,Нет,16.0,Да,Высшее,Крупное,9.615805480084347
20000.0,31,ЭНЕРГЕТИЧЕСКАЯ ПРОМЫШЛЕННОСТЬ,"Квалифицированные рабочие, занятые ручным трудом",МУЖСКОЙ,1.0,законченное высшее образование и выше,Состоят в браке,1,Нет,Да,Нет,40.0,Да,Высшее,Крупное,9.903487552536127
12000.0,29,ЗДРАВООХРАНЕНИЕ,Специалисты среднего уровня квалификации; чиновники,ЖЕНСКИЙ,0.0,законченное среднее специальное образование,Состоят в браке,1,Нет,Нет,Нет,40.0,Да,Профессиональное,Малое,9.392661928770137
12000.0,60,ЖИЛИЩНО-КОММУНАЛЬНОЕ ХОЗЯЙСТВО,Специалисты среднего уровня квалификации; чиновники,МУЖСКОЙ,0.0,законченное среднее специальное образование,Состоят в браке,0,Нет,Да,Нет,48.0,Да,Профессиональное,Микро,9.392661928770137
35000.0,32,СТРОИТЕЛЬСТВО,Специалисты высшего уровня квалификации,ЖЕНСКИЙ,0.0,законченное высшее образование и выше,Состоят в браке,1,Нет,Да,Нет,40.0,Да,Высшее,Микро,10.46310334047155
25000.0,33,"ТОРГОВЛЯ, БЫТОВОЕ ОБСЛУЖИВАНИЕ","Квалифицированные рабочие, использующие машины и механизмы",МУЖСКОЙ,0.0,законченное высшее образование и выше,Состоят в браке,1,Нет,Да,Нет,70.0,Да,Высшее,Микро,10.126631103850338
17000.0,52,"ТОРГОВЛЯ, БЫТОВОЕ ОБСЛУЖИВАНИЕ",Работники сферы торговли и услуг,ЖЕНСКИЙ,0.0,законченное среднее специальное образование,Состоят в браке,0,Нет,Нет,Нет,40.0,Да,Профессиональное,Микро,9.740968623038354
20000.0,54,"ТРАНСПОРТ, СВЯЗЬ","Квалифицированные рабочие, занятые ручным трудом",МУЖСКОЙ,0.0,законченное среднее специальное образование,Состоят в браке,0,Нет,Да,Нет,45.0,Да,Профессиональное,Малое,9.903487552536127
16000.0,23,ЖИЛИЩНО-КОММУНАЛЬНОЕ ХОЗЯЙСТВО,Специалисты среднего уровня квалификации; чиновники,ЖЕНСКИЙ,0.0,законченное высшее образование и выше,Не в браке,0,Нет,Нет,Нет,40.0,Да,Высшее,Малое,9.680344001221918
9000.0,52,ЗДРАВООХРАНЕНИЕ,Специалисты среднего уровня квалификации; чиновники,ЖЕНСКИЙ,0.0,законченное среднее специальное образование,Не в браке,0,Нет,Да,Нет,30.0,Да,Профессиональное,Малое,9.104979856318357
30000.0,39,ОБРАЗОВАНИЕ,Специалисты высшего уровня квалификации,МУЖСКОЙ,0.0,законченное высшее образование и выше,Состоят в браке,2,Нет,Да,Нет,48.0,Да,Высшее,Среднее,10.308952660644293
6000.0,42,ОБРАЗОВАНИЕ,Специалисты высшего уровня квалификации,ЖЕНСКИЙ,0.0,законченное высшее образование и выше,Состоят в браке,2,Да,Да,Нет,30.0,Да,Высшее,Микро,8.699514748210191
26000.0,34,"ТРАНСПОРТ, СВЯЗЬ","Квалифицированные рабочие, занятые ручным трудом",МУЖСКОЙ,0.0,законченное среднее образование,Состоят в браке,1,Нет,Нет,Нет,70.0,Да,Профессиональное,Микро,10.165851817003619
19000.0,27,"ЛЕГКАЯ, ПИЩЕВАЯ ПРОМЫШЛЕННОСТЬ","Квалифицированные рабочие, использующие машины и механизмы",МУЖСКОЙ,0.0,законченное среднее образование,Не в браке,0,Нет,Нет,Нет,40.0,Да,Профессиональное,Микро,9.852194258148577
20000.0,48,"ТОРГОВЛЯ, БЫТОВОЕ ОБСЛУЖИВАНИЕ",Законодатели; крупные чиновники; руководители высш. и сред. звена,ЖЕНСКИЙ,0.0,законченное высшее образование и выше,Состоят в браке,0,Нет,Нет,Да,105.0,Да,Высшее,Крупное,9.903487552536127
20000.0,34,ЖИЛИЩНО-КОММУНАЛЬНОЕ ХОЗЯЙСТВО,Специалисты среднего уровня квалификации; чиновники,ЖЕНСКИЙ,1.0,законченное высшее образование и выше,Не в браке,1,Нет,Нет,Нет,48.0,Да,Высшее,Микро,9.903487552536127
15000.0,54,"АРМИЯ, МВД, ОРГАНЫ БЕЗОПАСНОСТИ",Специалисты высшего уровня квалификации,ЖЕНСКИЙ,1.0,законченное высшее образование и выше,Не в браке,0,Нет,Да,Нет,40.0,Да,Высшее,Микро,9.615805480084347
19000.0,36,ЭНЕРГЕТИЧЕСКАЯ ПРОМЫШЛЕННОСТЬ,"Квалифицированные рабочие, занятые ручным трудом",МУЖСКОЙ,1.0,законченное среднее образование,Состоят в браке,1,Нет,Да,Нет,40.0,Нет,Среднее общее,Крупное,9.852194258148577
11500.0,56,ДРУГОЕ,Работники сферы торговли и услуг,ЖЕНСКИЙ,1.0,законченное среднее образование,Состоят в браке,0,Нет,Нет,Нет,48.0,Да,Профессиональное,Микро,9.350102314351341
6000.0,58,"ТРАНСПОРТ, СВЯЗЬ",Работники сферы торговли и услуг,МУЖСКОЙ,1.0,законченное среднее специальное образование,Состоят в браке,0,Нет,Нет,Нет,72.0,Да,Профессиональное,Микро,8.699514748210191
21000.0,54,ДРУГАЯ ОТРАСЛЬ ТЯЖЕЛОЙ ПРОМЫШЛЕННОСТИ,"Квалифицированные рабочие, занятые ручным трудом",МУЖСКОЙ,0.0,законченное среднее специальное образование,Состоят в браке,0,Нет,Да,Да,40.0,Да,Профессиональное,Микро,9.95227771670556
20000.0,31,"ТОРГОВЛЯ, БЫТОВОЕ ОБСЛУЖИВАНИЕ",Работники сферы торговли и услуг,ЖЕНСКИЙ,0.0,законченное высшее образование и выше,Не в браке,0,Да,Нет,Нет,36.0,Да,Высшее,Микро,9.903487552536127
15000.0,32,"ТРАНСПОРТ, СВЯЗЬ",Неквалифицированные рабочие всех отраслей,МУЖСКОЙ,0.0,законченное среднее образование,Не в браке,0,Да,Нет,Нет,36.0,Да,Среднее общее,Крупное,9.615805480084347
45000.0,48,"ТОРГОВЛЯ, БЫТОВОЕ ОБСЛУЖИВАНИЕ",Законодатели; крупные чиновники; руководители высш. и сред. звена,ЖЕНСКИЙ,0.0,законченное среднее образование,Не в браке,0,Нет,Нет,Нет,60.0,Нет,Среднее общее,Микро,10.714417768752456
25000.0,49,ОБРАЗОВАНИЕ,Специалисты высшего уровня квалификации,МУЖСКОЙ,0.0,законченное высшее образование и выше,Состоят в браке,0,Да,Да,Нет,36.0,Да,Высшее,Крупное,10.126631103850338
18000.0,48,"ТОРГОВЛЯ, БЫТОВОЕ ОБСЛУЖИВАНИЕ",Работники сферы торговли и услуг,ЖЕНСКИЙ,0.0,законченное среднее специальное образование,Состоят в браке,0,Нет,Нет,Нет,64.0,Да,Профессиональное,Малое,9.798127036878302
8000.0,20,"ТОРГОВЛЯ, БЫТОВОЕ ОБСЛУЖИВАНИЕ",Работники сферы торговли и услуг,МУЖСКОЙ,0.0,законченное среднее специальное образование,Не в браке,0,Да,Нет,Нет,40.0,Да,Среднее общее,Малое,8.987196820661973
11000.0,58,ОБРАЗОВАНИЕ,Специалисты высшего уровня квалификации,ЖЕНСКИЙ,0.0,законченное высшее образование и выше,Не в браке,0,Нет,Да,Нет,25.0,Да,Высшее,Малое,9.305650551780507
23000.0,38,"ТОРГОВЛЯ, БЫТОВОЕ ОБСЛУЖИВАНИЕ",Специалисты среднего уровня квалификации; чиновники,ЖЕНСКИЙ,0.0,законченное среднее специальное образование,Состоят в браке,1,Нет,Да,Нет,50.0,Да,Высшее,Малое,10.043249494911286
40000.0,32,ОРГАНЫ УПРАВЛЕНИЯ,Специалисты высшего уровня квалификации,МУЖСКОЙ,0.0,законченное высшее образование и выше,Состоят в браке,1,Да,Да,Нет,40.0,Да,Высшее,Микро,10.596634733096073
20000.0,64,ЭНЕРГЕТИЧЕСКАЯ ПРОМЫШЛЕННОСТЬ,Специалисты высшего уровня квалификации,ЖЕНСКИЙ,0.0,законченное высшее образование и выше,Состоят в браке,0,Нет,Нет,Нет,40.0,Да,Высшее,Крупное,9.903487552536127
17000.0,31,ЭНЕРГЕТИЧЕСКАЯ ПРОМЫШЛЕННОСТЬ,Специалисты высшего уровня квалификации,МУЖСКОЙ,0.0,законченное высшее образование и выше,Не в браке,0,Нет,Нет,Нет,40.0,Да,Высшее,Микро,9.740968623038354
10000.0,41,"НАУКА, КУЛЬТУРА",Специалисты высшего уровня квалификации,ЖЕНСКИЙ,0.0,законченное высшее образование и выше,Состоят в браке,1,Нет,Нет,Нет,40.0,Да,Высшее,Малое,9.210340371976184
15000.0,44,"АРМИЯ, МВД, ОРГАНЫ БЕЗОПАСНОСТИ",Работники сферы торговли и услуг,МУЖСКОЙ,0.0,законченное среднее специальное образование,Не в браке,0,Нет,Нет,Нет,96.0,Да,Профессиональное,Микро,9.615805480084347
20000.0,33,"ТОРГОВЛЯ, БЫТОВОЕ ОБСЛУЖИВАНИЕ",Неквалифицированные рабочие всех отраслей,МУЖСКОЙ,0.0,незаконченное среднее,Состоят в браке,1,Нет,Нет,Нет,,Да,Среднее общее,Микро,9.903487552536127
13000.0,46,"ТРАНСПОРТ, СВЯЗЬ",Работники сферы торговли и услуг,ЖЕНСКИЙ,1.0,законченное среднее образование,Состоят в браке,0,Нет,Да,Нет,48.0,Да,Профессиональное,Крупное,9.472704636443673
20000.0,27,"ТОРГОВЛЯ, БЫТОВОЕ ОБСЛУЖИВАНИЕ",Работники сферы торговли и услуг,ЖЕНСКИЙ,1.0,законченное высшее образование и выше,Состоят в браке,0,Нет,Нет,Нет,55.0,Да,Высшее,Микро,9.903487552536127
6300.0,26,"НАУКА, КУЛЬТУРА","Квалифицированные рабочие, занятые ручным трудом",МУЖСКОЙ,1.0,законченное среднее образование,Состоят в браке,0,Нет,Нет,Нет,40.0,Да,Профессиональное,Микро,8.748304912379623
50000.0,35,СТРОИТЕЛЬСТВО,"Квалифицированные рабочие, занятые ручным трудом",МУЖСКОЙ,0.0,законченное среднее образование,Не в браке,3,Нет,Нет,Да,48.0,Нет,Среднее общее,Микро,10.819778284410283
24000.0,48,"ТРАНСПОРТ, СВЯЗЬ","Квалифицированные рабочие, использующие машины и механизмы",МУЖСКОЙ,0.0,законченное среднее образование,Состоят в браке,0,Да,Нет,Да,,Да,Профессиональное,Микро,10.085809109330082
100000.0,42,"ТОРГОВЛЯ, БЫТОВОЕ ОБСЛУЖИВАНИЕ",Законодатели; крупные чиновники; руководители высш. и сред. звена,МУЖСКОЙ,0.0,законченное высшее образование и выше,Состоят в браке,2,Да,Нет,Нет,56.0,Да,Высшее,Микро,11.512925464970229
90000.0,39,"ТОРГОВЛЯ, БЫТОВОЕ ОБСЛУЖИВАНИЕ",Законодатели; крупные чиновники; руководители высш. и сред. звена,ЖЕНСКИЙ,0.0,законченное высшее образование и выше,Состоят в браке,2,Нет,Нет,Нет,28.0,Да,Высшее,Микро,11.407564949312402
25000.0,46,СТРОИТЕЛЬСТВО,"Квалифицированные рабочие, занятые ручным трудом",МУЖСКОЙ,1.0,законченное среднее образование,Не в браке,1,Нет,Да,Нет,48.0,Нет,Среднее общее,Микро,10.126631103850338
70000.0,35,ДРУГАЯ ОТРАСЛЬ ТЯЖЕЛОЙ ПРОМЫШЛЕННОСТИ,Специалисты высшего уровня квалификации,ЖЕНСКИЙ,1.0,законченное высшее образование и выше,Не в браке,1,Нет,Да,Нет,40.0,Да,Высшее,Крупное,11.156250521031495
18000.0,24,"ТОРГОВЛЯ, БЫТОВОЕ ОБСЛУЖИВАНИЕ",Специалисты среднего уровня квалификации; чиновники,ЖЕНСКИЙ,1.0,законченное среднее специальное образование,Не в браке,0,Да,Нет,Нет,40.0,Да,Профессиональное,Микро,9.798127036878302
10000.0,29,СТРОИТЕЛЬСТВО,Специалисты среднего уровня квалификации; чиновники,ЖЕНСКИЙ,1.0,законченное высшее образование и выше,Не в браке,1,Да,Нет,Нет,40.0,Да,Высшее,Малое,9.210340371976184
20000.0,30,СТРОИТЕЛЬСТВО,Законодатели; крупные чиновники; руководители высш. и сред. звена,МУЖСКОЙ,1.0,законченное высшее образование и выше,Не в браке,0,Да,Нет,Нет,72.0,Да,Высшее,Микро,9.903487552536127
40000.0,27,СТРОИТЕЛЬСТВО,Специалисты среднего уровня квалификации; чиновники,МУЖСКОЙ,1.0,законченное высшее образование и выше,Состоят в браке,0,Да,Нет,Нет,40.0,Да,Высшее,Среднее,10.596634733096073
15000.0,30,"ТРАНСПОРТ, СВЯЗЬ","Квалифицированные рабочие, занятые ручным трудом",МУЖСКОЙ,1.0,законченное высшее образование и выше,Не в браке,0,Да,Да,Нет,48.0,Да,Высшее,Микро,9.615805480084347
13000.0,20,"ЛЕГКАЯ, ПИЩЕВАЯ ПРОМЫШЛЕННОСТЬ",Работники сферы торговли и услуг,МУЖСКОЙ,1.0,законченное среднее образование,Состоят в браке,1,Да,Нет,Нет,48.0,Да,Среднее общее,Микро,9.472704636443673
7000.0,24,"ТОРГОВЛЯ, БЫТОВОЕ ОБСЛУЖИВАНИЕ",Работники сферы торговли и услуг,ЖЕНСКИЙ,1.0,законченное среднее специальное образование,Не в браке,0,Да,Нет,Нет,84.0,Да,Профессиональное,Микро,8.85366542803745
15000.0,30,"ТОРГОВЛЯ, БЫТОВОЕ ОБСЛУЖИВАНИЕ",Специалисты среднего уровня квалификации; чиновники,ЖЕНСКИЙ,1.0,законченное среднее образование,Не в браке,0,Нет,Нет,Нет,40.0,Да,Профессиональное,Микро,9.615805480084347
6500.0,20,ОБРАЗОВАНИЕ,Специалисты среднего уровня квалификации; чиновники,ЖЕНСКИЙ,1.0,законченное среднее образование,Не в браке,0,Да,Да,Нет,40.0,Да,Среднее общее,Крупное,8.779557455883728
16000.0,21,"ЛЕГКАЯ, ПИЩЕВАЯ ПРОМЫШЛЕННОСТЬ",Работники сферы торговли и услуг,ЖЕНСКИЙ,1.0,законченное среднее образование,Не в браке,0,Да,Нет,Нет,45.0,Да,Среднее общее,Крупное,9.680344001221918
40000.0,26,СТРОИТЕЛЬСТВО,"Квалифицированные рабочие, занятые ручным трудом",МУЖСКОЙ,1.0,законченное среднее специальное образование,Не в браке,0,Нет,Да,Нет,72.0,Да,Высшее,Крупное,10.596634733096073
13000.0,21,"ЛЕГКАЯ, ПИЩЕВАЯ ПРОМЫШЛЕННОСТЬ",Работники сферы торговли и услуг,ЖЕНСКИЙ,1.0,законченное среднее образование,Не в браке,0,Да,Нет,Нет,64.0,Да,Среднее общее,Малое,9.472704636443673
26000.0,23,СЕЛЬСКОЕ ХОЗЯЙСТВО,Специалисты среднего уровня квалификации; чиновники,МУЖСКОЙ,1.0,законченное среднее образование,Не в браке,0,Нет,Нет,Нет,48.0,Да,Профессиональное,Малое,10.165851817003619
30000.0,28,"ТРАНСПОРТ, СВЯЗЬ",Законодатели; крупные чиновники; руководители высш. и сред. звена,МУЖСКОЙ,1.0,законченное среднее специальное образование,Не в браке,0,Нет,Нет,Нет,25.0,Да,Высшее,Микро,10.308952660644293
6000.0,23,"ТРАНСПОРТ, СВЯЗЬ","Квалифицированные рабочие, использующие машины и механизмы",МУЖСКОЙ,1.0,незаконченное среднее,Не в браке,0,Нет,Да,Нет,84.0,Да,Среднее общее,Микро,8.699514748210191
22000.0,23,ВОЕННО-ПРОМЫШЛЕННЫЙ КОМПЛЕКС,"Квалифицированные рабочие, занятые ручным трудом",МУЖСКОЙ,1.0,незаконченное среднее,Не в браке,0,Нет,Нет,Да,45.0,Да,Среднее общее,Малое,9.998797732340453
23000.0,34,СТРОИТЕЛЬСТВО,"Квалифицированные рабочие, занятые ручным трудом",ЖЕНСКИЙ,1.0,законченное среднее специальное образование,Не в браке,1,Да,Да,Да,40.0,Да,Высшее,Крупное,10.043249494911286
20000.0,48,ФИНАНСЫ,"Квалифицированные рабочие, использующие машины и механизмы",МУЖСКОЙ,1.0,незаконченное среднее,Состоят в браке,1,Нет,Да,Нет,,Да,Среднее общее,Среднее,9.903487552536127
18000.0,24,СТРОИТЕЛЬСТВО,"Квалифицированные рабочие, занятые ручным трудом",МУЖСКОЙ,1.0,законченное среднее специальное образование,Состоят в браке,1,Нет,Нет,Нет,60.0,Да,Высшее,Микро,9.798127036878302
12000.0,25,ЖИЛИЩНО-КОММУНАЛЬНОЕ ХОЗЯЙСТВО,"Квалифицированные рабочие, занятые ручным трудом",МУЖСКОЙ,1.0,законченное среднее образование,Состоят в браке,1,Нет,Нет,Нет,54.0,Да,Профессиональное,Микро,9.392661928770137
15000.0,51,ЗДРАВООХРАНЕНИЕ,Законодатели; крупные чиновники; руководители высш. и сред. звена,ЖЕНСКИЙ,1.0,законченное среднее специальное образование,Состоят в браке,0,Нет,Да,Нет,40.0,Да,Профессиональное,Крупное,9.615805480084347
14000.0,47,"ЛЕГКАЯ, ПИЩЕВАЯ ПРОМЫШЛЕННОСТЬ","Квалифицированные рабочие, использующие машины и механизмы",МУЖСКОЙ,1.0,законченное среднее образование,Состоят в браке,0,Нет,Да,Нет,48.0,Да,Профессиональное,Среднее,9.546812608597396
12000.0,23,"ЛЕГКАЯ, ПИЩЕВАЯ ПРОМЫШЛЕННОСТЬ",Специалисты среднего уровня квалификации; чиновники,ЖЕНСКИЙ,1.0,законченное высшее образование и выше,Не в браке,0,Нет,Да,Нет,40.0,Да,Высшее,Крупное,9.392661928770137
5500.0,59,ЗДРАВООХРАНЕНИЕ,Работники сферы торговли и услуг,ЖЕНСКИЙ,1.0,законченное среднее специальное образование,Не в браке,0,Нет,Нет,Нет,48.0,Да,Профессиональное,Микро,8.612503371220562
7500.0,56,ОБРАЗОВАНИЕ,Работники сферы торговли и услуг,ЖЕНСКИЙ,1.0,незаконченное среднее,Вдовец/вдова,0,Нет,Да,Нет,40.0,Да,Среднее общее,Малое,8.922658299524402
8000.0,21,"ТОРГОВЛЯ, БЫТОВОЕ ОБСЛУЖИВАНИЕ",Работники сферы торговли и услуг,ЖЕНСКИЙ,1.0,законченное среднее образование,Не в браке,0,Нет,Нет,Нет,70.0,Нет,Среднее общее,Малое,8.987196820661973
4725.0,53,"ТОРГОВЛЯ, БЫТОВОЕ ОБСЛУЖИВАНИЕ",Работники сферы торговли и услуг,ЖЕНСКИЙ,1.0,законченное среднее специальное образование,Вдовец/вдова,0,Да,Нет,Нет,36.0,Да,Профессиональное,Микро,8.460622839927844
15000.0,21,"ЛЕГКАЯ, ПИЩЕВАЯ ПРОМЫШЛЕННОСТЬ",Специалисты высшего уровня квалификации,ЖЕНСКИЙ,1.0,незаконченное среднее,Не в браке,0,Да,Нет,Нет,40.0,Да,Среднее общее,Малое,9.615805480084347
20000.0,23,СТРОИТЕЛЬСТВО,"Квалифицированные рабочие, занятые ручным трудом",МУЖСКОЙ,1.0,незаконченное среднее,Не в браке,0,Нет,Нет,Нет,40.0,Да,Среднее общее,Крупное,9.903487552536127
10000.0,24,"ТОРГОВЛЯ, БЫТОВОЕ ОБСЛУЖИВАНИЕ",Служащие офисные и по обслуживанию клиентов,ЖЕНСКИЙ,1.0,законченное среднее образование,Не в браке,1,Да,Нет,Нет,42.0,Нет,Среднее общее,Малое,9.210340371976184
6000.0,44,ЖИЛИЩНО-КОММУНАЛЬНОЕ ХОЗЯЙСТВО,Специалисты среднего уровня квалификации; чиновники,ЖЕНСКИЙ,1.0,законченное среднее образование,Не в браке,0,Нет,Нет,Нет,40.0,Да,Среднее общее,Микро,8.699514748210191
18000.0,33,ЗДРАВООХРАНЕНИЕ,Специалисты высшего уровня квалификации,ЖЕНСКИЙ,1.0,законченное высшее образование и выше,Не в браке,1,Нет,Да,Нет,37.0,Да,Высшее,Среднее,9.798127036878302
20000.0,48,ВОЕННО-ПРОМЫШЛЕННЫЙ КОМПЛЕКС,"Квалифицированные рабочие, занятые ручным трудом",МУЖСКОЙ,1.0,законченное среднее образование,Состоят в браке,1,Нет,Да,Да,40.0,Нет,Среднее общее,Микро,9.903487552536127
15000.0,58,ВОЕННО-ПРОМЫШЛЕННЫЙ КОМПЛЕКС,Специалисты высшего уровня квалификации,МУЖСКОЙ,1.0,законченное высшее образование и выше,Не в браке,0,Нет,Да,Да,40.0,Да,Высшее,Крупное,9.615805480084347
16000.0,55,"ТРАНСПОРТ, СВЯЗЬ","Квалифицированные рабочие, занятые ручным трудом",МУЖСКОЙ,1.0,законченное среднее специальное образование,Вдовец/вдова,0,Нет,Да,Нет,40.0,Да,Профессиональное,Микро,9.680344001221918
10000.0,22,"ТРАНСПОРТ, СВЯЗЬ",Специалисты среднего уровня квалификации; чиновники,ЖЕНСКИЙ,1.0,законченное высшее образование и выше,Не в браке,0,Нет,Да,Нет,40.0,Да,Высшее,Микро,9.210340371976184
10000.0,37,ЗДРАВООХРАНЕНИЕ,Специалисты среднего уровня квалификации; чиновники,ЖЕНСКИЙ,1.0,законченное высшее образование и выше,Состоят в браке,1,Да,Да,Да,36.0,Да,Высшее,Микро,9.210340371976184
38000.0,42,ВОЕННО-ПРОМЫШЛЕННЫЙ КОМПЛЕКС,"Квалифицированные рабочие, занятые ручным трудом",МУЖСКОЙ,1.0,законченное высшее образование и выше,Состоят в браке,2,Нет,Да,Да,40.0,Да,Высшее,Микро,10.545341438708522
5500.0,32,"ТОРГОВЛЯ, БЫТОВОЕ ОБСЛУЖИВАНИЕ",Законодатели; крупные чиновники; руководители высш. и сред. звена,ЖЕНСКИЙ,1.0,законченное высшее образование и выше,Состоят в браке,2,Нет,Да,Нет,44.0,Да,Высшее,Микро,8.612503371220562
14000.0,28,"АРМИЯ, МВД, ОРГАНЫ БЕЗОПАСНОСТИ",Военнослужащие,МУЖСКОЙ,1.0,законченное высшее образование и выше,Состоят в браке,2,Нет,Да,Нет,40.0,Да,Высшее,Микро,9.546812608597396
4300.0,61,ЖИЛИЩНО-КОММУНАЛЬНОЕ ХОЗЯЙСТВО,Неквалифицированные рабочие всех отраслей,ЖЕНСКИЙ,1.0,законченное среднее специальное образование,Состоят в браке,0,Нет,Да,Нет,24.0,Да,Высшее,Микро,8.366370301681654
30000.0,32,НЕФТЕГАЗОВАЯ ПРОМЫШЛЕННОСТЬ,Служащие офисные и по обслуживанию клиентов,ЖЕНСКИЙ,1.0,законченное высшее образование и выше,Не в браке,0,Да,Да,Нет,56.0,Да,Высшее,Крупное,10.308952660644293
9500.0,34,ГРАЖДАНСКОЕ МАШИНОСТРОЕНИЕ,Специалисты высшего уровня квалификации,ЖЕНСКИЙ,1.0,законченное высшее образование и выше,Не в браке,0,Нет,Да,Нет,40.0,Да,Высшее,Микро,9.159047077588632
28000.0,36,ДРУГОЕ,Специалисты высшего уровня квалификации,МУЖСКОЙ,1.0,законченное среднее специальное образование,Состоят в браке,1,Да,Нет,Нет,40.0,Да,Высшее,Микро,10.239959789157341
12000.0,38,ОБРАЗОВАНИЕ,Специалисты высшего уровня квалификации,ЖЕНСКИЙ,1.0,законченное высшее образование и выше,Состоят в браке,1,Нет,Да,Нет,40.0,Да,Высшее,Микро,9.392661928770137
6000.0,29,ЗДРАВООХРАНЕНИЕ,Работники сферы торговли и услуг,ЖЕНСКИЙ,1.0,законченное среднее образование,Состоят в браке,2,Нет,Да,Нет,40.0,Да,Среднее общее,Микро,8.699514748210191
23000.0,28,"ТРАНСПОРТ, СВЯЗЬ","Квалифицированные рабочие, использующие машины и механизмы",МУЖСКОЙ,1.0,законченное среднее образование,Состоят в браке,2,Нет,Нет,Нет,40.0,Да,Профессиональное,Малое,10.043249494911286
18000.0,25,СТРОИТЕЛЬСТВО,Специалисты высшего уровня квалификации,МУЖСКОЙ,1.0,законченное высшее образование и выше,Состоят в браке,0,Да,Нет,Нет,60.0,Да,Высшее,Микро,9.798127036878302
20000.0,30,СТРОИТЕЛЬСТВО,"Квалифицированные рабочие, занятые ручным трудом",МУЖСКОЙ,1.0,законченное среднее специальное образование,Состоят в браке,1,Нет,Нет,Нет,60.0,Да,Профессиональное,Микро,9.903487552536127
7000.0,53,"ЛЕГКАЯ, ПИЩЕВАЯ ПРОМЫШЛЕННОСТЬ",Служащие офисные и по обслуживанию клиентов,ЖЕНСКИЙ,1.0,законченное среднее образование,Состоят в браке,0,Нет,Да,Нет,45.0,Нет,Среднее общее,Крупное,8.85366542803745
16000.0,59,ДРУГАЯ ОТРАСЛЬ ТЯЖЕЛОЙ ПРОМЫШЛЕННОСТИ,"Квалифицированные рабочие, занятые ручным трудом",МУЖСКОЙ,1.0,незаконченное среднее,Состоят в браке,0,Нет,Да,Да,40.0,Да,Среднее общее,Микро,9.680344001221918
12000.0,26,"ТОРГОВЛЯ, БЫТОВОЕ ОБСЛУЖИВАНИЕ",Специалисты среднего уровня квалификации; чиновники,ЖЕНСКИЙ,1.0,законченное высшее образование и выше,Состоят в браке,1,Нет,Нет,Нет,40.0,Да,Высшее,Малое,9.392661928770137
15000.0,36,"АРМИЯ, МВД, ОРГАНЫ БЕЗОПАСНОСТИ",Работники сферы торговли и услуг,МУЖСКОЙ,1.0,законченное среднее специальное образование,Состоят в браке,1,Нет,Да,Да,48.0,Да,Профессиональное,Малое,9.615805480084347
8700.0,58,ВОЕННО-ПРОМЫШЛЕННЫЙ КОМПЛЕКС,Служащие офисные и по обслуживанию клиентов,ЖЕНСКИЙ,1.0,законченное среднее образование,Вдовец/вдова,0,Нет,Да,Нет,40.0,Нет,Среднее общее,Микро,9.071078304642676
8000.0,27,"ЛЕГКАЯ, ПИЩЕВАЯ ПРОМЫШЛЕННОСТЬ",Специалисты среднего уровня квалификации; чиновники,МУЖСКОЙ,1.0,законченное среднее специальное образование,Состоят в браке,0,Нет,Нет,Нет,40.0,Да,Профессиональное,Микро,8.987196820661973
5000.0,23,ОБРАЗОВАНИЕ,Специалисты высшего уровня квалификации,ЖЕНСКИЙ,1.0,законченное высшее образование и выше,Состоят в браке,0,Нет,Да,Нет,40.0,Да,Высшее,Микро,8.517193191416238
36000.0,44,СТРОИТЕЛЬСТВО,Специалисты высшего уровня квалификации,МУЖСКОЙ,1.0,законченное высшее образование и выше,Состоят в браке,1,Нет,Нет,Нет,60.0,Да,Высшее,Микро,10.491274217438248
12000.0,61,ВОЕННО-ПРОМЫШЛЕННЫЙ КОМПЛЕКС,Специалисты среднего уровня квалификации; чиновники,ЖЕНСКИЙ,1.0,законченное среднее образование,Вдовец/вдова,0,Нет,Да,Нет,40.0,Да,Среднее общее,Крупное,9.392661928770137
9000.0,34,"ТРАНСПОРТ, СВЯЗЬ",Служащие офисные и по обслуживанию клиентов,ЖЕНСКИЙ,1.0,законченное среднее специальное образование,Не в браке,1,Нет,Да,Нет,40.0,Да,Профессиональное,Микро,9.104979856318357
18000.0,34,"ТРАНСПОРТ, СВЯЗЬ",Специалисты среднего уровня квалификации; чиновники,ЖЕНСКИЙ,1.0,законченное высшее образование и выше,Вдовец/вдова,2,Нет,Да,Нет,40.0,Да,Высшее,Микро,9.798127036878302
20000.0,36,ЗДРАВООХРАНЕНИЕ,Специалисты высшего уровня квалификации,ЖЕНСКИЙ,1.0,законченное высшее образование и выше,Состоят в браке,3,Да,Нет,Нет,110.0,Да,Высшее,Микро,9.903487552536127
28000.0,42,СТРОИТЕЛЬСТВО,Законодатели; крупные чиновники; руководители высш. и сред. звена,МУЖСКОЙ,1.0,законченное высшее образование и выше,Состоят в браке,3,Да,Нет,Нет,60.0,Да,Высшее,Малое,10.239959789157341
7000.0,46,ГРАЖДАНСКОЕ МАШИНОСТРОЕНИЕ,"Квалифицированные рабочие, занятые ручным трудом",МУЖСКОЙ,1.0,законченное среднее образование,Не в браке,0,Нет,Да,Нет,40.0,Да,Профессиональное,Микро,8.85366542803745
14000.0,28,СТРОИТЕЛЬСТВО,Специалисты среднего уровня квалификации; чиновники,ЖЕНСКИЙ,1.0,законченное среднее образование,Не в браке,0,Нет,Нет,Нет,40.0,Да,Профессиональное,Микро,9.546812608597396
6000.0,35,ЗДРАВООХРАНЕНИЕ,Специалисты среднего уровня квалификации; чиновники,ЖЕНСКИЙ,0.0,законченное среднее специальное образование,Не в браке,0,Нет,Да,Да,20.0,Да,Профессиональное,Микро,8.699514748210191
25000.0,23,"ТОРГОВЛЯ, БЫТОВОЕ ОБСЛУЖИВАНИЕ","Квалифицированные рабочие, занятые ручным трудом",МУЖСКОЙ,0.0,законченное среднее образование,Не в браке,0,Нет,Нет,Нет,48.0,Да,Профессиональное,Микро,10.126631103850338
35000.0,49,"ЛЕГКАЯ, ПИЩЕВАЯ ПРОМЫШЛЕННОСТЬ",Служащие офисные и по обслуживанию клиентов,ЖЕНСКИЙ,0.0,законченное среднее образование,Не в браке,0,Нет,Нет,Нет,50.0,Да,Среднее общее,Микро,10.46310334047155
25000.0,23,"ТОРГОВЛЯ, БЫТОВОЕ ОБСЛУЖИВАНИЕ","Квалифицированные рабочие, занятые ручным трудом",МУЖСКОЙ,0.0,законченное среднее образование,Не в браке,0,Нет,Нет,Нет,60.0,Да,Профессиональное,Микро,10.126631103850338
18000.0,41,ФИНАНСЫ,Служащие офисные и по обслуживанию клиентов,ЖЕНСКИЙ,0.0,законченное среднее специальное образование,Состоят в браке,0,Нет,Нет,Нет,62.0,Да,Профессиональное,Микро,9.798127036878302
18000.0,49,"ТРАНСПОРТ, СВЯЗЬ","Квалифицированные рабочие, использующие машины и механизмы",МУЖСКОЙ,0.0,законченное среднее образование,Состоят в браке,0,Нет,Нет,Нет,40.0,Да,Профессиональное,Микро,9.798127036878302
7000.0,54,"АРМИЯ, МВД, ОРГАНЫ БЕЗОПАСНОСТИ",Неквалифицированные рабочие всех отраслей,ЖЕНСКИЙ,0.0,законченное среднее специальное образование,Состоят в браке,0,Нет,Нет,Нет,20.0,Да,Профессиональное,Микро,8.85366542803745
20000.0,24,"ТОРГОВЛЯ, БЫТОВОЕ ОБСЛУЖИВАНИЕ","Квалифицированные рабочие, использующие машины и механизмы",МУЖСКОЙ,0.0,законченное среднее специальное образование,Не в браке,0,Нет,Да,Нет,40.0,Да,Высшее,Малое,9.903487552536127
24000.0,53,"ТОРГОВЛЯ, БЫТОВОЕ ОБСЛУЖИВАНИЕ",Работники сферы торговли и услуг,ЖЕНСКИЙ,0.0,законченное среднее образование,Вдовец/вдова,0,Нет,Нет,Нет,84.0,Да,Профессиональное,Микро,10.085809109330082
9000.0,57,ОБРАЗОВАНИЕ,Работники сферы торговли и услуг,МУЖСКОЙ,0.0,незаконченное среднее,Состоят в браке,0,Нет,Да,Нет,48.0,Да,Среднее общее,Микро,9.104979856318357
40000.0,34,ФИНАНСЫ,Специалисты высшего уровня квалификации,МУЖСКОЙ,0.0,законченное высшее образование и выше,Состоят в браке,1,Да,Да,Нет,40.0,Да,Высшее,Микро,10.596634733096073
30000.0,30,ФИНАНСЫ,Специалисты высшего уровня квалификации,ЖЕНСКИЙ,0.0,законченное высшее образование и выше,Состоят в браке,1,Да,Да,Нет,40.0,Да,Высшее,Крупное,10.308952660644293
28000.0,23,ОРГАНЫ УПРАВЛЕНИЯ,Специалисты высшего уровня квалификации,МУЖСКОЙ,0.0,законченное среднее образование,Не в браке,0,Да,Да,Нет,40.0,Да,Среднее общее,Малое,10.239959789157341
18000.0,63,"НАУКА, КУЛЬТУРА",Специалисты высшего уровня квалификации,МУЖСКОЙ,0.0,законченное высшее образование и выше,Состоят в браке,0,Да,Да,Нет,40.0,Да,Высшее,Микро,9.798127036878302
4000.0,55,ОБРАЗОВАНИЕ,Работники сферы торговли и услуг,ЖЕНСКИЙ,0.0,законченное среднее образование,Состоят в браке,0,Нет,Нет,Нет,36.0,Да,Профессиональное,Малое,8.294049640102028
8000.0,32,ОБРАЗОВАНИЕ,Неквалифицированные рабочие всех отраслей,ЖЕНСКИЙ,0.0,незаконченное среднее,Не в браке,0,Нет,Да,Нет,40.0,Нет,Среднее общее,Среднее,8.987196820661973
20000.0,48,ОБРАЗОВАНИЕ,Специалисты высшего уровня квалификации,ЖЕНСКИЙ,0.0,законченное высшее образование и выше,Не в браке,0,Да,Нет,Нет,30.0,Да,Высшее,Малое,9.903487552536127
30000.0,43,СТРОИТЕЛЬСТВО,"Квалифицированные рабочие, занятые ручным трудом",МУЖСКОЙ,0.0,законченное среднее специальное образование,Не в браке,0,Нет,Нет,Нет,40.0,Да,Профессиональное,Малое,10.308952660644293
25000.0,27,СЕЛЬСКОЕ ХОЗЯЙСТВО,Специалисты среднего уровня квалификации; чиновники,ЖЕНСКИЙ,0.0,законченное высшее образование и выше,Не в браке,1,Да,Да,Нет,40.0,Да,Высшее,Малое,10.126631103850338
30000.0,50,ОБРАЗОВАНИЕ,Специалисты высшего уровня квалификации,ЖЕНСКИЙ,0.0,законченное высшее образование и выше,Не в браке,0,Да,Да,Нет,40.0,Да,Высшее,Микро,10.308952660644293
25000.0,57,"ЛЕГКАЯ, ПИЩЕВАЯ ПРОМЫШЛЕННОСТЬ",Специалисты высшего уровня квалификации,ЖЕНСКИЙ,0.0,законченное высшее образование и выше,Состоят в браке,0,Нет,Нет,Нет,40.0,Да,Высшее,Микро,10.126631103850338
15000.0,59,"ТРАНСПОРТ, СВЯЗЬ","Квалифицированные рабочие, занятые ручным трудом",МУЖСКОЙ,0.0,законченное среднее образование,Состоят в браке,0,Нет,Нет,Нет,40.0,Нет,Среднее общее,Малое,9.615805480084347
15000.0,24,ДРУГОЕ,Специалисты среднего уровня квалификации; чиновники,МУЖСКОЙ,0.0,законченное высшее образование и выше,Не в браке,0,Да,Нет,Нет,40.0,Да,Высшее,Микро,9.615805480084347
20000.0,23,СТРОИТЕЛЬСТВО,"Квалифицированные рабочие, занятые ручным трудом",МУЖСКОЙ,0.0,законченное среднее образование,Не в браке,0,Нет,Да,Нет,41.0,Да,Среднее общее,Микро,9.903487552536127
15000.0,49,"ТОРГОВЛЯ, БЫТОВОЕ ОБСЛУЖИВАНИЕ",Работники сферы торговли и услуг,ЖЕНСКИЙ,0.0,законченное среднее образование,Состоят в браке,0,Нет,Нет,Нет,56.0,Нет,Среднее общее,Микро,9.615805480084347
20000.0,51,ЭНЕРГЕТИЧЕСКАЯ ПРОМЫШЛЕННОСТЬ,"Квалифицированные рабочие, занятые ручным трудом",МУЖСКОЙ,0.0,законченное среднее специальное образование,Состоят в браке,0,Нет,Да,Нет,40.0,Да,Высшее,Микро,9.903487552536127
16100.0,47,ОБРАЗОВАНИЕ,Специалисты высшего уровня квалификации,ЖЕНСКИЙ,0.0,законченное высшее образование и выше,Состоят в браке,0,Нет,Да,Нет,40.0,Да,Высшее,Микро,9.686574550972555
15000.0,29,"ТОРГОВЛЯ, БЫТОВОЕ ОБСЛУЖИВАНИЕ",Служащие офисные и по обслуживанию клиентов,ЖЕНСКИЙ,0.0,законченное среднее образование,Состоят в браке,1,Нет,Нет,Нет,56.0,Нет,Среднее общее,Микро,9.615805480084347
15000.0,34,"АРМИЯ, МВД, ОРГАНЫ БЕЗОПАСНОСТИ","Квалифицированные рабочие, использующие машины и механизмы",МУЖСКОЙ,0.0,законченное среднее образование,Состоят в браке,1,Нет,Да,Нет,56.0,Да,Среднее общее,Микро,9.615805480084347
18000.0,62,"ТРАНСПОРТ, СВЯЗЬ",Служащие офисные и по обслуживанию клиентов,ЖЕНСКИЙ,0.0,законченное среднее специальное образование,Вдовец/вдова,0,Нет,Нет,Нет,48.0,Да,Профессиональное,Крупное,9.798127036878302
11000.0,53,СТРОИТЕЛЬСТВО,Специалисты высшего уровня квалификации,ЖЕНСКИЙ,0.0,законченное среднее образование,Состоят в браке,0,Нет,Нет,Нет,40.0,Нет,Среднее общее,Микро,9.305650551780507
11000.0,54,ОБРАЗОВАНИЕ,Специалисты высшего уровня квалификации,ЖЕНСКИЙ,0.0,законченное высшее образование и выше,Состоят в браке,0,Нет,Нет,Нет,40.0,Да,Высшее,Микро,9.305650551780507
9000.0,24,ОБРАЗОВАНИЕ,Специалисты высшего уровня квалификации,ЖЕНСКИЙ,0.0,законченное высшее образование и выше,Не в браке,0,Нет,Нет,Нет,40.0,Да,Высшее,Микро,9.104979856318357
10000.0,66,"ТОРГОВЛЯ, БЫТОВОЕ ОБСЛУЖИВАНИЕ",Неквалифицированные рабочие всех отраслей,МУЖСКОЙ,0.0,незаконченное среднее,Вдовец/вдова,0,Нет,Нет,Нет,48.0,Да,Среднее общее,Малое,9.210340371976184
23000.0,58,"ТРАНСПОРТ, СВЯЗЬ",Специалисты среднего уровня квалификации; чиновники,МУЖСКОЙ,0.0,законченное среднее специальное образование,Состоят в браке,0,Нет,Нет,Нет,66.0,Да,Профессиональное,Среднее,10.043249494911286
11000.0,62,ЗДРАВООХРАНЕНИЕ,Специалисты среднего уровня квалификации; чиновники,ЖЕНСКИЙ,0.0,законченное среднее специальное образование,Состоят в браке,0,Нет,Да,Да,48.0,Да,Профессиональное,Микро,9.305650551780507
35000.0,40,СТРОИТЕЛЬСТВО,"Квалифицированные рабочие, занятые ручным трудом",МУЖСКОЙ,0.0,законченное среднее образование,Не в браке,0,Нет,Нет,Нет,40.0,Да,Профессиональное,Малое,10.46310334047155
10000.0,37,"ТРАНСПОРТ, СВЯЗЬ",Специалисты среднего уровня квалификации; чиновники,ЖЕНСКИЙ,0.0,законченное высшее образование и выше,Состоят в браке,1,Нет,Нет,Нет,20.0,Да,Высшее,Микро,9.210340371976184
12000.0,45,"ТОРГОВЛЯ, БЫТОВОЕ ОБСЛУЖИВАНИЕ",Специалисты среднего уровня квалификации; чиновники,ЖЕНСКИЙ,0.0,законченное среднее специальное образование,Не в браке,0,Нет,Нет,Нет,64.0,Да,Профессиональное,Малое,9.392661928770137
18000.0,29,СТРОИТЕЛЬСТВО,Специалисты среднего уровня квалификации; чиновники,МУЖСКОЙ,0.0,законченное среднее специальное образование,Состоят в браке,1,Нет,Нет,Нет,55.0,Да,Профессиональное,Малое,9.798127036878302
9000.0,41,СТРОИТЕЛЬСТВО,"Квалифицированные рабочие, использующие машины и механизмы",МУЖСКОЙ,0.0,законченное среднее образование,Состоят в браке,1,Нет,Нет,Да,49.0,Нет,Среднее общее,Малое,9.104979856318357
20000.0,59,ОБРАЗОВАНИЕ,Законодатели; крупные чиновники; руководители высш. и сред. звена,ЖЕНСКИЙ,0.0,законченное высшее образование и выше,Состоят в браке,0,Да,Да,Нет,50.0,Да,Высшее,Малое,9.903487552536127
18000.0,61,"ТОРГОВЛЯ, БЫТОВОЕ ОБСЛУЖИВАНИЕ",Служащие офисные и по обслуживанию клиентов,МУЖСКОЙ,0.0,законченное высшее образование и выше,Состоят в браке,0,Нет,Нет,Нет,58.0,Да,Высшее,Крупное,9.798127036878302
20000.0,23,"ТОРГОВЛЯ, БЫТОВОЕ ОБСЛУЖИВАНИЕ",Специалисты среднего уровня квалификации; чиновники,ЖЕНСКИЙ,0.0,законченное высшее образование и выше,Не в браке,0,Да,Нет,Нет,41.0,Да,Высшее,Малое,9.903487552536127
17000.0,23,НЕФТЕГАЗОВАЯ ПРОМЫШЛЕННОСТЬ,Специалисты среднего уровня квалификации; чиновники,МУЖСКОЙ,0.0,законченное среднее специальное образование,Не в браке,0,Нет,Нет,Нет,50.0,Да,Высшее,Микро,9.740968623038354
10000.0,34,ОБРАЗОВАНИЕ,Специалисты высшего уровня квалификации,ЖЕНСКИЙ,0.0,законченное высшее образование и выше,Состоят в браке,1,Нет,Да,Да,20.0,Да,Высшее,Малое,9.210340371976184
35000.0,47,СТРОИТЕЛЬСТВО,Законодатели; крупные чиновники; руководители высш. и сред. звена,МУЖСКОЙ,0.0,законченное высшее образование и выше,Состоят в браке,2,Нет,Нет,Да,63.0,Да,Высшее,Микро,10.46310334047155
11000.0,54,ЗДРАВООХРАНЕНИЕ,Специалисты среднего уровня квалификации; чиновники,ЖЕНСКИЙ,0.0,законченное среднее специальное образование,Не в браке,0,Нет,Да,Да,40.0,Да,Профессиональное,Малое,9.305650551780507
20000.0,34,"ТРАНСПОРТ, СВЯЗЬ",Служащие офисные и по обслуживанию клиентов,МУЖСКОЙ,0.0,законченное высшее образование и выше,Не в браке,0,Да,Да,Нет,40.0,Да,Высшее,Микро,9.903487552536127
17000.0,51,"ЛЕГКАЯ, ПИЩЕВАЯ ПРОМЫШЛЕННОСТЬ",Неквалифицированные рабочие всех отраслей,ЖЕНСКИЙ,0.0,законченное среднее образование,Не в браке,0,Нет,Нет,Нет,40.0,Нет,Среднее общее,Малое,9.740968623038354
40000.0,23,СТРОИТЕЛЬСТВО,"Квалифицированные рабочие, занятые ручным трудом",МУЖСКОЙ,0.0,законченное среднее образование,Не в браке,0,Нет,Нет,Нет,48.0,Да,Профессиональное,Малое,10.596634733096073
6000.0,58,ОРГАНЫ УПРАВЛЕНИЯ,Неквалифицированные рабочие всех отраслей,ЖЕНСКИЙ,0.0,незаконченное среднее,Вдовец/вдова,0,Нет,Нет,Нет,30.0,Нет,Среднее общее,Микро,8.699514748210191
10000.0,79,"ЛЕГКАЯ, ПИЩЕВАЯ ПРОМЫШЛЕННОСТЬ",Специалисты высшего уровня квалификации,МУЖСКОЙ,0.0,законченное высшее образование и выше,Состоят в браке,0,Нет,Да,Нет,40.0,Да,Высшее,Среднее,9.210340371976184
30000.0,31,"ТРАНСПОРТ, СВЯЗЬ",Специалисты высшего уровня квалификации,МУЖСКОЙ,0.0,законченное высшее образование и выше,Не в браке,1,Нет,Нет,Нет,,Да,Высшее,Микро,10.308952660644293
20000.0,51,"АРМИЯ, МВД, ОРГАНЫ БЕЗОПАСНОСТИ",Военнослужащие,ЖЕНСКИЙ,0.0,законченное высшее образование и выше,Состоят в браке,0,Нет,Да,Нет,40.0,Да,Высшее,Микро,9.903487552536127
20000.0,32,ЗДРАВООХРАНЕНИЕ,Законодатели; крупные чиновники; руководители высш. и сред. звена,ЖЕНСКИЙ,0.0,законченное среднее специальное образование,Не в браке,1,Нет,Нет,Нет,,Да,Профессиональное,Микро,9.903487552536127
13000.0,30,ОРГАНЫ УПРАВЛЕНИЯ,Специалисты среднего уровня квалификации; чиновники,ЖЕНСКИЙ,0.0,законченное высшее образование и выше,Не в браке,1,Нет,Да,Нет,40.0,Да,Высшее,Малое,9.472704636443673
12000.0,21,ЗДРАВООХРАНЕНИЕ,Специалисты среднего уровня квалификации; чиновники,МУЖСКОЙ,0.0,законченное среднее образование,Не в браке,0,Да,Да,Нет,40.0,Да,Среднее общее,Микро,9.392661928770137
8000.0,58,ЗДРАВООХРАНЕНИЕ,Специалисты среднего уровня квалификации; чиновники,ЖЕНСКИЙ,0.0,законченное среднее специальное образование,Вдовец/вдова,0,Нет,Да,Нет,40.0,Да,Профессиональное,Микро,8.987196820661973
16000.0,36,"ТРАНСПОРТ, СВЯЗЬ","Квалифицированные рабочие, занятые ручным трудом",МУЖСКОЙ,0.0,законченное среднее образование,Состоят в браке,2,Нет,Да,Нет,40.0,Да,Среднее общее,Микро,9.680344001221918
58000.0,24,"АРМИЯ, МВД, ОРГАНЫ БЕЗОПАСНОСТИ",ОТКАЗ ОТ ОТВЕТА,МУЖСКОЙ,0.0,законченное высшее образование и выше,Не в браке,0,Да,Да,Да,45.0,Да,Высшее,Микро,10.968198289528557
8000.0,60,ЗДРАВООХРАНЕНИЕ,Служащие офисные и по обслуживанию клиентов,ЖЕНСКИЙ,0.0,законченное среднее образование,Состоят в браке,0,Нет,Да,Да,40.0,Нет,Среднее общее,Малое,8.987196820661973
15000.0,65,ОБРАЗОВАНИЕ,Специалисты высшего уровня квалификации,МУЖСКОЙ,0.0,законченное высшее образование и выше,Состоят в браке,0,Нет,Да,Нет,40.0,Да,Высшее,Крупное,9.615805480084347
27000.0,55,"ТРАНСПОРТ, СВЯЗЬ","Квалифицированные рабочие, использующие машины и механизмы",МУЖСКОЙ,0.0,законченное среднее образование,Состоят в браке,0,Нет,Да,Да,77.0,Да,Среднее общее,Крупное,10.203592144986466
11000.0,34,"НАУКА, КУЛЬТУРА",Специалисты высшего уровня квалификации,ЖЕНСКИЙ,0.0,законченное среднее образование,Состоят в браке,2,Да,Да,Нет,40.0,Да,Профессиональное,Малое,9.305650551780507
5000.0,52,ОБРАЗОВАНИЕ,Работники сферы торговли и услуг,ЖЕНСКИЙ,0.0,законченное среднее образование,Не в браке,0,Нет,Да,Нет,48.0,Да,Профессиональное,Малое,8.517193191416238
18000.0,50,ОРГАНЫ УПРАВЛЕНИЯ,Специалисты среднего уровня квалификации; чиновники,ЖЕНСКИЙ,0.0,законченное высшее образование и выше,Не в браке,0,Да,Да,Нет,40.0,Да,Высшее,Малое,9.798127036878302
20000.0,26,СТРОИТЕЛЬСТВО,Специалисты среднего уровня квалификации; чиновники,МУЖСКОЙ,0.0,законченное высшее образование и выше,Не в браке,0,Да,Нет,Нет,54.0,Да,Высшее,Малое,9.903487552536127
25000.0,60,ЗДРАВООХРАНЕНИЕ,Законодатели; крупные чиновники; руководители высш. и сред. звена,ЖЕНСКИЙ,0.0,законченное высшее образование и выше,Состоят в браке,0,Нет,Да,Нет,41.0,Да,Высшее,Среднее,10.126631103850338
12000.0,61,"ТОРГОВЛЯ, БЫТОВОЕ ОБСЛУЖИВАНИЕ",Законодатели; крупные чиновники; руководители высш. и сред. звена,МУЖСКОЙ,0.0,законченное высшее образование и выше,Состоят в браке,0,Нет,Нет,Нет,48.0,Да,Высшее,Малое,9.392661928770137
8000.0,70,ЗДРАВООХРАНЕНИЕ,"Квалифицированные рабочие, занятые ручным трудом",МУЖСКОЙ,0.0,законченное среднее специальное образование,Состоят в браке,0,Нет,Да,Да,40.0,Да,Высшее,Среднее,8.987196820661973
25000.0,40,"ТРАНСПОРТ, СВЯЗЬ","Квалифицированные рабочие, использующие машины и механизмы",МУЖСКОЙ,0.0,законченное среднее образование,Состоят в браке,1,Нет,Да,Нет,40.0,Да,Среднее общее,Малое,10.126631103850338
20000.0,36,СТРОИТЕЛЬСТВО,"Квалифицированные рабочие, использующие машины и механизмы",МУЖСКОЙ,0.0,законченное среднее специальное образование,Не в браке,0,Нет,Нет,Нет,40.0,Да,Высшее,Малое,9.903487552536127
15000.0,51,"ЛЕГКАЯ, ПИЩЕВАЯ ПРОМЫШЛЕННОСТЬ",Законодатели; крупные чиновники; руководители высш. и сред. звена,ЖЕНСКИЙ,0.0,законченное высшее образование и выше,Состоят в браке,0,Нет,Нет,Нет,,Да,Высшее,Малое,9.615805480084347
20000.0,53,"ЛЕГКАЯ, ПИЩЕВАЯ ПРОМЫШЛЕННОСТЬ",Специалисты высшего уровня квалификации,МУЖСКОЙ,0.0,законченное высшее образование и выше,Состоят в браке,0,Нет,Нет,Нет,,Да,Высшее,Малое,9.903487552536127
12000.0,24,"ЛЕГКАЯ, ПИЩЕВАЯ ПРОМЫШЛЕННОСТЬ",Служащие офисные и по обслуживанию клиентов,МУЖСКОЙ,0.0,законченное высшее образование и выше,Не в браке,0,Нет,Нет,Нет,,Да,Высшее,Микро,9.392661928770137
18000.0,58,ЖИЛИЩНО-КОММУНАЛЬНОЕ ХОЗЯЙСТВО,"Квалифицированные рабочие, занятые ручным трудом",МУЖСКОЙ,0.0,законченное среднее образование,Состоят в браке,0,Нет,Да,Да,40.0,Нет,Среднее общее,Малое,9.798127036878302
10000.0,55,ЗДРАВООХРАНЕНИЕ,Специалисты среднего уровня квалификации; чиновники,ЖЕНСКИЙ,0.0,законченное высшее образование и выше,Состоят в браке,0,Нет,Да,Нет,40.0,Да,Высшее,Малое,9.210340371976184
12000.0,59,"ТРАНСПОРТ, СВЯЗЬ",Работники сферы торговли и услуг,МУЖСКОЙ,0.0,законченное среднее образование,Состоят в браке,0,Нет,Да,Нет,45.0,Да,Среднее общее,Среднее,9.392661928770137
